studyName,Sample Number,Species,Region,Island,Stage,Individual ID,Clutch Completion,Date Egg,Culmen Length (mm),Culmen Depth (mm),Flipper Length (mm),Body Mass (g),Sex,Delta 15 N (o/oo),Delta 13 C (o/oo),Comments,Culmen_Length_mm_outlier,Culmen_Depth_mm_outlier,Flipper_Length_mm_outlier,Body_Mass_g_outlier,is_any_outlier,body_mass_kg,bill_area_mm2,bill_ratio,flipper_mass_ratio
PAL0708,1,Adelie Penguin (Pygoscelis adeliae),Anvers,Torgersen,"Adult, 1 Egg Stage",N1A1,Yes,2007-11-11,39.1,18.7,181.0,3750.0,Male,,,Not enough blood for isotopes.,False,False,False,False,False,3.75,731.17,2.0909090909090913,48.266666666666666
PAL0708,2,Adelie Penguin (Pygoscelis adeliae),Anvers,Torgersen,"Adult, 1 Egg Stage",N1A2,Yes,2007-11-11,39.5,17.4,186.0,3800.0,Female,8.94956,-24.69454,,False,False,False,False,False,3.8,687.3,2.270114942528736,48.94736842105264
PAL0708,3,Adelie Penguin (Pygoscelis adeliae),Anvers,Torgersen,"Adult, 1 Egg Stage",N2A1,Yes,2007-11-16,40.3,18.0,195.0,3250.0,Female,8.36821,-25.33302,,False,False,False,False,False,3.25,725.4,2.238888888888889,60.0
PAL0708,4,Adelie Penguin (Pygoscelis adeliae),Anvers,Torgersen,"Adult, 1 Egg Stage",N2A2,Yes,2007-11-16,44.45,17.3,197.0,4050.0,Unknown,,,Adult not sampled.,False,False,False,False,False,4.05,768.9850000000001,2.569364161849711,48.641975308641975
PAL0708,5,Adelie Penguin (Pygoscelis adeliae),Anvers,Torgersen,"Adult, 1 Egg Stage",N3A1,Yes,2007-11-16,36.7,19.3,193.0,3450.0,Female,8.76651,-25.32426,,False,False,False,False,False,3.45,708.3100000000001,1.9015544041450778,55.94202898550724
PAL0708,6,Adelie Penguin (Pygoscelis adeliae),Anvers,Torgersen,"Adult, 1 Egg Stage",N3A2,Yes,2007-11-16,39.3,20.6,190.0,3650.0,Male,8.66496,-25.29805,,False,False,False,False,False,3.65,809.58,1.907766990291262,52.054794520547944
PAL0708,7,Adelie Penguin (Pygoscelis adeliae),Anvers,Torgersen,"Adult, 1 Egg Stage",N4A1,No,2007-11-15,38.9,17.8,181.0,3625.0,Female,9.18718,-25.21799,Nest never observed with full clutch.,False,False,False,False,False,3.625,692.42,2.185393258426966,49.93103448275862
PAL0708,8,Adelie Penguin (Pygoscelis adeliae),Anvers,Torgersen,"Adult, 1 Egg Stage",N4A2,No,2007-11-15,39.2,19.6,195.0,4675.0,Male,9.4606,-24.89958,Nest never observed with full clutch.,False,False,False,False,False,4.675,768.3200000000002,2.0,41.711229946524064
PAL0708,9,Adelie Penguin (Pygoscelis adeliae),Anvers,Torgersen,"Adult, 1 Egg Stage",N5A1,Yes,2007-11-09,34.1,18.1,193.0,3475.0,Unknown,,,No blood sample obtained.,False,False,False,False,False,3.475,617.21,1.8839779005524862,55.53956834532374
PAL0708,10,Adelie Penguin (Pygoscelis adeliae),Anvers,Torgersen,"Adult, 1 Egg Stage",N5A2,Yes,2007-11-09,42.0,20.2,190.0,4250.0,Unknown,9.13362,-25.09368,No blood sample obtained for sexing.,False,False,False,False,False,4.25,848.4,2.0792079207920793,44.705882352941174
PAL0708,11,Adelie Penguin (Pygoscelis adeliae),Anvers,Torgersen,"Adult, 1 Egg Stage",N6A1,Yes,2007-11-09,37.8,17.1,186.0,3300.0,Unknown,8.63243,-25.21315,No blood sample obtained for sexing.,False,False,False,False,False,3.3,646.38,2.2105263157894735,56.36363636363637
PAL0708,12,Adelie Penguin (Pygoscelis adeliae),Anvers,Torgersen,"Adult, 1 Egg Stage",N6A2,Yes,2007-11-09,37.8,17.3,180.0,3700.0,Unknown,,,No blood sample obtained.,False,False,False,False,False,3.7,653.9399999999999,2.184971098265896,48.648648648648646
PAL0708,13,Adelie Penguin (Pygoscelis adeliae),Anvers,Torgersen,"Adult, 1 Egg Stage",N7A1,Yes,2007-11-15,41.1,17.6,182.0,3200.0,Female,,,Not enough blood for isotopes.,False,False,False,False,False,3.2,723.3600000000001,2.3352272727272725,56.875
PAL0708,14,Adelie Penguin (Pygoscelis adeliae),Anvers,Torgersen,"Adult, 1 Egg Stage",N7A2,Yes,2007-11-15,38.6,21.2,191.0,3800.0,Male,,,Not enough blood for isotopes.,False,False,False,False,False,3.8,818.32,1.8207547169811322,50.26315789473684
PAL0708,15,Adelie Penguin (Pygoscelis adeliae),Anvers,Torgersen,"Adult, 1 Egg Stage",N8A1,Yes,2007-11-16,34.6,21.1,198.0,4400.0,Male,8.55583,-25.22588,,False,False,False,False,False,4.4,730.0600000000001,1.6398104265402844,44.99999999999999
PAL0708,16,Adelie Penguin (Pygoscelis adeliae),Anvers,Torgersen,"Adult, 1 Egg Stage",N8A2,Yes,2007-11-16,36.6,17.8,185.0,3700.0,Female,,,Not enough blood for isotopes.,False,False,False,False,False,3.7,651.48,2.056179775280899,50.0
PAL0708,17,Adelie Penguin (Pygoscelis adeliae),Anvers,Torgersen,"Adult, 1 Egg Stage",N9A1,Yes,2007-11-12,38.7,19.0,195.0,3450.0,Female,9.18528,-25.06691,,False,False,False,False,False,3.45,735.3000000000001,2.0368421052631582,56.52173913043478
PAL0708,18,Adelie Penguin (Pygoscelis adeliae),Anvers,Torgersen,"Adult, 1 Egg Stage",N9A2,Yes,2007-11-12,42.5,20.7,197.0,4500.0,Male,8.67538,-25.13993,,False,False,False,False,False,4.5,879.75,2.0531400966183577,43.77777777777778
PAL0708,19,Adelie Penguin (Pygoscelis adeliae),Anvers,Torgersen,"Adult, 1 Egg Stage",N10A1,Yes,2007-11-16,34.4,18.4,184.0,3325.0,Female,8.47827,-25.23319,,False,False,False,False,False,3.325,632.9599999999999,1.8695652173913044,55.338345864661655
PAL0708,20,Adelie Penguin (Pygoscelis adeliae),Anvers,Torgersen,"Adult, 1 Egg Stage",N10A2,Yes,2007-11-16,46.0,21.5,194.0,4200.0,Male,9.11616,-24.77227,,False,False,False,False,False,4.2,989.0,2.13953488372093,46.19047619047619
PAL0708,21,Adelie Penguin (Pygoscelis adeliae),Anvers,Biscoe,"Adult, 1 Egg Stage",N11A1,Yes,2007-11-12,37.8,18.3,174.0,3400.0,Female,8.73762,-25.09383,,False,False,False,False,False,3.4,691.74,2.065573770491803,51.1764705882353
PAL0708,22,Adelie Penguin (Pygoscelis adeliae),Anvers,Biscoe,"Adult, 1 Egg Stage",N11A2,Yes,2007-11-12,37.7,18.7,180.0,3600.0,Male,8.66271,-25.0639,,False,False,False,False,False,3.6,704.99,2.016042780748663,50.0
PAL0708,23,Adelie Penguin (Pygoscelis adeliae),Anvers,Biscoe,"Adult, 1 Egg Stage",N12A1,Yes,2007-11-12,35.9,19.2,189.0,3800.0,Female,9.22286,-25.03474,,False,False,False,False,False,3.8,689.28,1.8697916666666667,49.73684210526316
PAL0708,24,Adelie Penguin (Pygoscelis adeliae),Anvers,Biscoe,"Adult, 1 Egg Stage",N12A2,Yes,2007-11-12,38.2,18.1,185.0,3950.0,Male,8.43423,-25.22664,,False,False,False,False,False,3.95,691.4200000000001,2.110497237569061,46.835443037974684
PAL0708,25,Adelie Penguin (Pygoscelis adeliae),Anvers,Biscoe,"Adult, 1 Egg Stage",N13A1,Yes,2007-11-10,38.8,17.2,180.0,3800.0,Male,9.63954,-25.29856,,False,False,False,False,False,3.8,667.3599999999999,2.255813953488372,47.36842105263158
PAL0708,26,Adelie Penguin (Pygoscelis adeliae),Anvers,Biscoe,"Adult, 1 Egg Stage",N13A2,Yes,2007-11-10,35.3,18.9,187.0,3800.0,Female,9.21292,-24.3613,,False,False,False,False,False,3.8,667.1699999999998,1.8677248677248677,49.21052631578947
PAL0708,27,Adelie Penguin (Pygoscelis adeliae),Anvers,Biscoe,"Adult, 1 Egg Stage",N17A1,Yes,2007-11-12,40.6,18.6,183.0,3550.0,Male,8.93997,-25.36288,,False,False,False,False,False,3.55,755.1600000000001,2.182795698924731,51.54929577464789
PAL0708,28,Adelie Penguin (Pygoscelis adeliae),Anvers,Biscoe,"Adult, 1 Egg Stage",N17A2,Yes,2007-11-12,40.5,17.9,187.0,3200.0,Female,8.08138,-25.49448,,False,False,False,False,False,3.2,724.9499999999999,2.2625698324022347,58.4375
PAL0708,29,Adelie Penguin (Pygoscelis adeliae),Anvers,Biscoe,"Adult, 1 Egg Stage",N18A1,No,2007-11-10,37.9,18.6,172.0,3150.0,Female,8.38404,-25.19837,Nest never observed with full clutch.,False,False,False,False,False,3.15,704.94,2.0376344086021505,54.60317460317461
PAL0708,30,Adelie Penguin (Pygoscelis adeliae),Anvers,Biscoe,"Adult, 1 Egg Stage",N18A2,No,2007-11-10,40.5,18.9,180.0,3950.0,Male,8.90027,-25.11609,Nest never observed with full clutch.,False,False,False,False,False,3.95,765.4499999999999,2.1428571428571432,45.56962025316456
PAL0708,31,Adelie Penguin (Pygoscelis adeliae),Anvers,Dream,"Adult, 1 Egg Stage",N21A1,Yes,2007-11-09,39.5,16.7,178.0,3250.0,Female,9.69756,-25.11223,,False,False,False,False,False,3.25,659.65,2.3652694610778444,54.76923076923077
PAL0708,32,Adelie Penguin (Pygoscelis adeliae),Anvers,Dream,"Adult, 1 Egg Stage",N21A2,Yes,2007-11-09,37.2,18.1,178.0,3900.0,Male,9.72764,-25.0102,,False,False,False,False,False,3.9,673.32,2.0552486187845305,45.64102564102564
PAL0708,33,Adelie Penguin (Pygoscelis adeliae),Anvers,Dream,"Adult, 1 Egg Stage",N22A1,Yes,2007-11-09,39.5,17.8,188.0,3300.0,Female,9.66523,-25.0602,,False,False,False,False,False,3.3,703.1,2.2191011235955056,56.969696969696976
PAL0708,34,Adelie Penguin (Pygoscelis adeliae),Anvers,Dream,"Adult, 1 Egg Stage",N22A2,Yes,2007-11-09,40.9,18.9,184.0,3900.0,Male,8.79665,-25.14591,,False,False,False,False,False,3.9,773.0099999999999,2.164021164021164,47.17948717948718
PAL0708,35,Adelie Penguin (Pygoscelis adeliae),Anvers,Dream,"Adult, 1 Egg Stage",N23A1,Yes,2007-11-16,36.4,17.0,195.0,3325.0,Female,9.17847,-25.23061,,False,False,False,False,False,3.325,618.8,2.1411764705882352,58.64661654135338
PAL0708,36,Adelie Penguin (Pygoscelis adeliae),Anvers,Dream,"Adult, 1 Egg Stage",N23A2,Yes,2007-11-16,39.2,21.1,196.0,4150.0,Male,9.15308,-25.03469,,False,False,False,False,False,4.15,827.1200000000001,1.8578199052132702,47.2289156626506
PAL0708,37,Adelie Penguin (Pygoscelis adeliae),Anvers,Dream,"Adult, 1 Egg Stage",N24A1,Yes,2007-11-16,38.8,20.0,190.0,3950.0,Male,9.18985,-25.12255,,False,False,False,False,False,3.95,776.0,1.94,48.10126582278481
PAL0708,38,Adelie Penguin (Pygoscelis adeliae),Anvers,Dream,"Adult, 1 Egg Stage",N24A2,Yes,2007-11-16,42.2,18.5,180.0,3550.0,Female,8.04787,-25.49523,,False,False,False,False,False,3.55,780.7,2.2810810810810813,50.70422535211268
PAL0708,39,Adelie Penguin (Pygoscelis adeliae),Anvers,Dream,"Adult, 1 Egg Stage",N25A1,No,2007-11-13,37.6,19.3,181.0,3300.0,Female,9.41131,-25.04169,Nest never observed with full clutch.,False,False,False,False,False,3.3,725.6800000000001,1.9481865284974094,54.84848484848485
PAL0708,40,Adelie Penguin (Pygoscelis adeliae),Anvers,Dream,"Adult, 1 Egg Stage",N25A2,No,2007-11-13,39.8,19.1,184.0,4650.0,Male,,,Nest never observed with full clutch. Not enough blood for isotopes.,False,False,False,False,False,4.65,760.18,2.083769633507853,39.56989247311828
PAL0708,41,Adelie Penguin (Pygoscelis adeliae),Anvers,Dream,"Adult, 1 Egg Stage",N26A1,Yes,2007-11-16,36.5,18.0,182.0,3150.0,Female,9.68933,-24.4228,,False,False,False,False,False,3.15,657.0,2.0277777777777777,57.77777777777778
PAL0708,42,Adelie Penguin (Pygoscelis adeliae),Anvers,Dream,"Adult, 1 Egg Stage",N26A2,Yes,2007-11-16,40.8,18.4,195.0,3900.0,Male,,,Not enough blood for isotopes.,False,False,False,False,False,3.9,750.7199999999999,2.217391304347826,50.0
PAL0708,43,Adelie Penguin (Pygoscelis adeliae),Anvers,Dream,"Adult, 1 Egg Stage",N27A1,Yes,2007-11-19,36.0,18.5,186.0,3100.0,Female,9.50772,-25.03492,,False,False,False,False,False,3.1,666.0,1.945945945945946,60.0
PAL0708,44,Adelie Penguin (Pygoscelis adeliae),Anvers,Dream,"Adult, 1 Egg Stage",N27A2,Yes,2007-11-19,44.1,19.7,196.0,4400.0,Male,9.2372,-24.52698,,False,False,False,False,False,4.4,868.77,2.238578680203046,44.54545454545454
PAL0708,45,Adelie Penguin (Pygoscelis adeliae),Anvers,Dream,"Adult, 1 Egg Stage",N28A1,Yes,2007-11-16,37.0,16.9,185.0,3000.0,Female,9.36392,-25.01745,,False,False,False,False,False,3.0,625.3,2.1893491124260356,61.666666666666664
PAL0708,46,Adelie Penguin (Pygoscelis adeliae),Anvers,Dream,"Adult, 1 Egg Stage",N28A2,Yes,2007-11-16,39.6,18.8,190.0,4600.0,Male,9.49106,-24.10255,,False,False,False,False,False,4.6,744.48,2.106382978723404,41.30434782608696
PAL0708,47,Adelie Penguin (Pygoscelis adeliae),Anvers,Dream,"Adult, 1 Egg Stage",N29A1,Yes,2007-11-13,41.1,19.0,182.0,3425.0,Male,,,Not enough blood for isotopes.,False,False,False,False,False,3.425,780.9,2.1631578947368424,53.13868613138686
PAL0708,48,Adelie Penguin (Pygoscelis adeliae),Anvers,Dream,"Adult, 1 Egg Stage",N29A2,Yes,2007-11-13,37.5,18.9,179.0,2975.0,Unknown,,,Sexing primers did not amplify. Not enough blood for isotopes.,False,False,False,False,False,2.975,708.75,1.9841269841269842,60.168067226890756
PAL0708,49,Adelie Penguin (Pygoscelis adeliae),Anvers,Dream,"Adult, 1 Egg Stage",N30A1,Yes,2007-11-13,36.0,17.9,190.0,3450.0,Female,9.51784,-25.07683,,False,False,False,False,False,3.45,644.4,2.011173184357542,55.07246376811594
PAL0708,50,Adelie Penguin (Pygoscelis adeliae),Anvers,Dream,"Adult, 1 Egg Stage",N30A2,Yes,2007-11-13,42.3,21.2,191.0,4150.0,Male,8.87988,-25.18543,,False,False,False,False,False,4.15,896.7599999999999,1.9952830188679245,46.024096385542165
PAL0809,51,Adelie Penguin (Pygoscelis adeliae),Anvers,Biscoe,"Adult, 1 Egg Stage",N21A1,Yes,2008-11-06,39.6,17.7,186.0,3500.0,Female,8.46616,-26.12989,,False,False,False,False,False,3.5,700.92,2.2372881355932206,53.142857142857146
PAL0809,52,Adelie Penguin (Pygoscelis adeliae),Anvers,Biscoe,"Adult, 1 Egg Stage",N21A2,Yes,2008-11-06,40.1,18.9,188.0,4300.0,Male,8.51362,-26.55602,,False,False,False,False,False,4.3,757.89,2.121693121693122,43.72093023255814
PAL0809,53,Adelie Penguin (Pygoscelis adeliae),Anvers,Biscoe,"Adult, 1 Egg Stage",N22A1,Yes,2008-11-09,35.0,17.9,190.0,3450.0,Female,8.19539,-26.17213,,False,False,False,False,False,3.45,626.5,1.9553072625698324,55.07246376811594
PAL0809,54,Adelie Penguin (Pygoscelis adeliae),Anvers,Biscoe,"Adult, 1 Egg Stage",N22A2,Yes,2008-11-09,42.0,19.5,200.0,4050.0,Male,8.48095,-26.3146,,False,False,False,False,False,4.05,819.0,2.1538461538461537,49.382716049382715
PAL0809,55,Adelie Penguin (Pygoscelis adeliae),Anvers,Biscoe,"Adult, 1 Egg Stage",N23A1,Yes,2008-11-09,34.5,18.1,187.0,2900.0,Female,8.41837,-26.54718,,False,False,False,False,False,2.9,624.45,1.9060773480662982,64.48275862068965
PAL0809,56,Adelie Penguin (Pygoscelis adeliae),Anvers,Biscoe,"Adult, 1 Egg Stage",N23A2,Yes,2008-11-09,41.4,18.6,191.0,3700.0,Male,8.35396,-26.27853,,False,False,False,False,False,3.7,770.0400000000001,2.225806451612903,51.62162162162162
PAL0809,57,Adelie Penguin (Pygoscelis adeliae),Anvers,Biscoe,"Adult, 1 Egg Stage",N24A1,Yes,2008-11-15,39.0,17.5,186.0,3550.0,Female,8.57199,-26.07188,,False,False,False,False,False,3.55,682.5,2.2285714285714286,52.3943661971831
PAL0809,58,Adelie Penguin (Pygoscelis adeliae),Anvers,Biscoe,"Adult, 1 Egg Stage",N24A2,Yes,2008-11-15,40.6,18.8,193.0,3800.0,Male,8.56674,-25.98843,,False,False,False,False,False,3.8,763.2800000000001,2.1595744680851063,50.78947368421053
PAL0809,59,Adelie Penguin (Pygoscelis adeliae),Anvers,Biscoe,"Adult, 1 Egg Stage",N25A1,Yes,2008-11-15,36.5,16.6,181.0,2850.0,Female,9.07878,-25.88156,,False,False,False,False,False,2.85,605.9000000000001,2.1987951807228914,63.50877192982456
PAL0809,60,Adelie Penguin (Pygoscelis adeliae),Anvers,Biscoe,"Adult, 1 Egg Stage",N25A2,Yes,2008-11-15,37.6,19.1,194.0,3750.0,Male,9.108,-25.89677,,False,False,False,False,False,3.75,718.1600000000001,1.9685863874345548,51.733333333333334
PAL0809,61,Adelie Penguin (Pygoscelis adeliae),Anvers,Biscoe,"Adult, 1 Egg Stage",N27A1,Yes,2008-11-13,35.7,16.9,185.0,3150.0,Female,8.96472,-26.40943,,False,False,False,False,False,3.15,603.33,2.112426035502959,58.730158730158735
PAL0809,62,Adelie Penguin (Pygoscelis adeliae),Anvers,Biscoe,"Adult, 1 Egg Stage",N27A2,Yes,2008-11-13,41.3,21.1,195.0,4400.0,Male,8.74802,-26.37809,,False,False,False,False,False,4.4,871.43,1.9573459715639807,44.31818181818181
PAL0809,63,Adelie Penguin (Pygoscelis adeliae),Anvers,Biscoe,"Adult, 1 Egg Stage",N28A1,Yes,2008-11-13,37.6,17.0,185.0,3600.0,Female,8.58063,-26.21569,,False,False,False,False,False,3.6,639.2,2.211764705882353,51.388888888888886
PAL0809,64,Adelie Penguin (Pygoscelis adeliae),Anvers,Biscoe,"Adult, 1 Egg Stage",N28A2,Yes,2008-11-13,41.1,18.2,192.0,4050.0,Male,8.62264,-26.60023,,False,False,False,False,False,4.05,748.02,2.258241758241758,47.40740740740741
PAL0809,65,Adelie Penguin (Pygoscelis adeliae),Anvers,Biscoe,"Adult, 1 Egg Stage",N29A1,Yes,2008-11-13,36.4,17.1,184.0,2850.0,Female,8.62623,-26.1165,,False,False,False,False,False,2.85,622.44,2.1286549707602336,64.56140350877193
PAL0809,66,Adelie Penguin (Pygoscelis adeliae),Anvers,Biscoe,"Adult, 1 Egg Stage",N29A2,Yes,2008-11-13,41.6,18.0,192.0,3950.0,Male,8.85562,-26.09294,,False,False,False,False,False,3.95,748.8000000000001,2.3111111111111113,48.60759493670886
PAL0809,67,Adelie Penguin (Pygoscelis adeliae),Anvers,Biscoe,"Adult, 1 Egg Stage",N30A1,Yes,2008-11-06,35.5,16.2,195.0,3350.0,Female,8.56192,-25.95541,,False,False,False,False,False,3.35,575.1,2.191358024691358,58.208955223880594
PAL0809,68,Adelie Penguin (Pygoscelis adeliae),Anvers,Biscoe,"Adult, 1 Egg Stage",N30A2,Yes,2008-11-06,41.1,19.1,188.0,4100.0,Male,8.71078,-25.81012,,False,False,False,False,False,4.1,785.0100000000001,2.1518324607329844,45.85365853658537
PAL0809,69,Adelie Penguin (Pygoscelis adeliae),Anvers,Torgersen,"Adult, 1 Egg Stage",N32A1,No,2008-11-11,35.9,16.6,190.0,3050.0,Female,8.47781,-26.07821,Nest never observed with full clutch.,False,False,False,False,False,3.05,595.94,2.1626506024096384,62.29508196721312
PAL0809,70,Adelie Penguin (Pygoscelis adeliae),Anvers,Torgersen,"Adult, 1 Egg Stage",N32A2,No,2008-11-11,41.8,19.4,198.0,4450.0,Male,8.86853,-26.06209,Nest never observed with full clutch.,False,False,False,False,False,4.45,810.9199999999998,2.154639175257732,44.49438202247191
PAL0809,71,Adelie Penguin (Pygoscelis adeliae),Anvers,Torgersen,"Adult, 1 Egg Stage",N34A1,Yes,2008-11-14,33.5,19.0,190.0,3600.0,Female,7.88863,-26.63085,,False,False,False,False,False,3.6,636.5,1.763157894736842,52.77777777777778
PAL0809,72,Adelie Penguin (Pygoscelis adeliae),Anvers,Torgersen,"Adult, 1 Egg Stage",N34A2,Yes,2008-11-14,39.7,18.4,190.0,3900.0,Male,9.29808,-25.23453,,False,False,False,False,False,3.9,730.48,2.1576086956521743,48.71794871794872
PAL0809,73,Adelie Penguin (Pygoscelis adeliae),Anvers,Torgersen,"Adult, 1 Egg Stage",N35A1,Yes,2008-11-11,39.6,17.2,196.0,3550.0,Female,8.33524,-26.55351,,False,False,False,False,False,3.55,681.12,2.302325581395349,55.21126760563381
PAL0809,74,Adelie Penguin (Pygoscelis adeliae),Anvers,Torgersen,"Adult, 1 Egg Stage",N35A2,Yes,2008-11-11,45.8,18.9,197.0,4150.0,Male,8.18658,-26.45978,,False,False,False,False,False,4.15,865.6199999999999,2.4232804232804233,47.46987951807228
PAL0809,75,Adelie Penguin (Pygoscelis adeliae),Anvers,Torgersen,"Adult, 1 Egg Stage",N36A1,Yes,2008-11-08,35.5,17.5,190.0,3700.0,Female,8.70642,-26.15003,,False,False,False,False,False,3.7,621.25,2.0285714285714285,51.35135135135135
PAL0809,76,Adelie Penguin (Pygoscelis adeliae),Anvers,Torgersen,"Adult, 1 Egg Stage",N36A2,Yes,2008-11-08,42.8,18.5,195.0,4250.0,Male,8.2993,-26.38986,,False,False,False,False,False,4.25,791.8,2.3135135135135134,45.88235294117647
PAL0809,77,Adelie Penguin (Pygoscelis adeliae),Anvers,Torgersen,"Adult, 1 Egg Stage",N37A1,Yes,2008-11-06,40.9,16.8,191.0,3700.0,Female,8.47257,-26.02002,,False,False,False,False,False,3.7,687.12,2.4345238095238093,51.62162162162162
PAL0809,78,Adelie Penguin (Pygoscelis adeliae),Anvers,Torgersen,"Adult, 1 Egg Stage",N37A2,Yes,2008-11-06,37.2,19.4,184.0,3900.0,Male,8.3554,-26.44787,,False,False,False,False,False,3.9,721.68,1.9175257731958766,47.17948717948718
PAL0809,79,Adelie Penguin (Pygoscelis adeliae),Anvers,Torgersen,"Adult, 1 Egg Stage",N38A1,Yes,2008-11-09,36.2,16.1,187.0,3550.0,Female,7.82381,-26.51382,,False,False,False,False,False,3.55,582.82,2.248447204968944,52.67605633802817
PAL0809,80,Adelie Penguin (Pygoscelis adeliae),Anvers,Torgersen,"Adult, 1 Egg Stage",N38A2,Yes,2008-11-09,42.1,19.1,195.0,4000.0,Male,9.05736,-25.81513,,False,False,False,False,False,4.0,804.1100000000001,2.2041884816753927,48.75
PAL0809,81,Adelie Penguin (Pygoscelis adeliae),Anvers,Torgersen,"Adult, 1 Egg Stage",N39A1,Yes,2008-11-02,34.6,17.2,189.0,3200.0,Female,7.69778,-26.5387,,False,False,False,False,False,3.2,595.12,2.011627906976744,59.0625
PAL0809,82,Adelie Penguin (Pygoscelis adeliae),Anvers,Torgersen,"Adult, 1 Egg Stage",N39A2,Yes,2008-11-02,42.9,17.6,196.0,4700.0,Male,8.63259,-26.23027,,False,False,False,False,False,4.7,755.0400000000001,2.4374999999999996,41.702127659574465
PAL0809,83,Adelie Penguin (Pygoscelis adeliae),Anvers,Torgersen,"Adult, 1 Egg Stage",N40A1,Yes,2008-11-07,36.7,18.8,187.0,3800.0,Female,7.88494,-26.24837,,False,False,False,False,False,3.8,689.96,1.952127659574468,49.21052631578947
PAL0809,84,Adelie Penguin (Pygoscelis adeliae),Anvers,Torgersen,"Adult, 1 Egg Stage",N40A2,Yes,2008-11-07,35.1,19.4,193.0,4200.0,Male,8.90002,-26.46254,,False,False,False,False,False,4.2,680.9399999999999,1.8092783505154642,45.95238095238095
PAL0809,85,Adelie Penguin (Pygoscelis adeliae),Anvers,Dream,"Adult, 1 Egg Stage",N41A1,Yes,2008-11-17,37.3,17.8,191.0,3350.0,Female,8.32718,-26.38396,,False,False,False,False,False,3.35,663.9399999999999,2.095505617977528,57.014925373134325
PAL0809,86,Adelie Penguin (Pygoscelis adeliae),Anvers,Dream,"Adult, 1 Egg Stage",N41A2,Yes,2008-11-17,41.3,20.3,194.0,3550.0,Male,9.14863,-26.09635,,False,False,False,False,False,3.55,838.39,2.0344827586206895,54.647887323943664
PAL0809,87,Adelie Penguin (Pygoscelis adeliae),Anvers,Dream,"Adult, 1 Egg Stage",N42A1,Yes,2008-11-08,36.3,19.5,190.0,3800.0,Male,8.57087,-26.22227,,False,False,False,False,False,3.8,707.8499999999999,1.8615384615384614,50.0
PAL0809,88,Adelie Penguin (Pygoscelis adeliae),Anvers,Dream,"Adult, 1 Egg Stage",N42A2,Yes,2008-11-08,36.9,18.6,189.0,3500.0,Female,8.59147,-26.08165,,False,False,False,False,False,3.5,686.34,1.9838709677419353,54.0
PAL0809,89,Adelie Penguin (Pygoscelis adeliae),Anvers,Dream,"Adult, 1 Egg Stage",N44A1,Yes,2008-11-08,38.3,19.2,189.0,3950.0,Male,9.07826,-26.12417,,False,False,False,False,False,3.95,735.3599999999999,1.9947916666666665,47.848101265822784
PAL0809,90,Adelie Penguin (Pygoscelis adeliae),Anvers,Dream,"Adult, 1 Egg Stage",N44A2,Yes,2008-11-08,38.9,18.8,190.0,3600.0,Female,8.36936,-26.11199,,False,False,False,False,False,3.6,731.32,2.0691489361702127,52.77777777777778
PAL0809,91,Adelie Penguin (Pygoscelis adeliae),Anvers,Dream,"Adult, 1 Egg Stage",N45A1,Yes,2008-11-14,35.7,18.0,202.0,3550.0,Female,8.46531,-26.05621,,False,False,False,False,False,3.55,642.6,1.9833333333333334,56.90140845070423
PAL0809,92,Adelie Penguin (Pygoscelis adeliae),Anvers,Dream,"Adult, 1 Egg Stage",N45A2,Yes,2008-11-14,41.1,18.1,205.0,4300.0,Male,8.77018,-25.83352,,False,False,False,False,False,4.3,743.9100000000001,2.270718232044199,47.674418604651166
PAL0809,93,Adelie Penguin (Pygoscelis adeliae),Anvers,Dream,"Adult, 1 Egg Stage",N46A1,Yes,2008-11-05,34.0,17.1,185.0,3400.0,Female,8.01485,-26.69543,,False,False,False,False,False,3.4,581.4000000000001,1.9883040935672514,54.411764705882355
PAL0809,94,Adelie Penguin (Pygoscelis adeliae),Anvers,Dream,"Adult, 1 Egg Stage",N46A2,Yes,2008-11-05,39.6,18.1,186.0,4450.0,Male,8.49915,-26.42406,,False,False,False,False,False,4.45,716.7600000000001,2.187845303867403,41.79775280898876
PAL0809,95,Adelie Penguin (Pygoscelis adeliae),Anvers,Dream,"Adult, 1 Egg Stage",N48A1,Yes,2008-11-17,36.2,17.3,187.0,3300.0,Female,8.90723,-26.30037,,False,False,False,False,False,3.3,626.2600000000001,2.092485549132948,56.66666666666667
PAL0809,96,Adelie Penguin (Pygoscelis adeliae),Anvers,Dream,"Adult, 1 Egg Stage",N48A2,Yes,2008-11-17,40.8,18.9,208.0,4300.0,Male,8.48204,-26.57941,,False,False,False,False,False,4.3,771.1199999999999,2.1587301587301586,48.372093023255815
PAL0809,97,Adelie Penguin (Pygoscelis adeliae),Anvers,Dream,"Adult, 1 Egg Stage",N49A1,Yes,2008-11-08,38.1,18.6,190.0,3700.0,Female,8.10277,-26.50086,,False,False,False,False,False,3.7,708.6600000000001,2.0483870967741935,51.35135135135135
PAL0809,98,Adelie Penguin (Pygoscelis adeliae),Anvers,Dream,"Adult, 1 Egg Stage",N49A2,Yes,2008-11-08,40.3,18.5,196.0,4350.0,Male,8.39459,-26.01152,,False,False,False,False,False,4.35,745.55,2.1783783783783783,45.05747126436782
PAL0809,99,Adelie Penguin (Pygoscelis adeliae),Anvers,Dream,"Adult, 1 Egg Stage",N50A1,Yes,2008-11-10,33.1,16.1,178.0,2900.0,Female,9.04218,-26.15775,,False,False,False,False,False,2.9,532.9100000000001,2.0559006211180124,61.37931034482759
PAL0809,100,Adelie Penguin (Pygoscelis adeliae),Anvers,Dream,"Adult, 1 Egg Stage",N50A2,Yes,2008-11-10,43.2,18.5,192.0,4100.0,Male,8.97025,-26.03679,,False,False,False,False,False,4.1,799.2,2.3351351351351353,46.82926829268293
PAL0910,101,Adelie Penguin (Pygoscelis adeliae),Anvers,Biscoe,"Adult, 1 Egg Stage",N47A1,Yes,2009-11-09,35.0,17.9,192.0,3725.0,Female,8.84451,-26.28055,,False,False,False,False,False,3.725,626.5,1.9553072625698324,51.54362416107382
PAL0910,102,Adelie Penguin (Pygoscelis adeliae),Anvers,Biscoe,"Adult, 1 Egg Stage",N47A2,Yes,2009-11-09,41.0,20.0,203.0,4725.0,Male,9.01079,-26.38085,,False,False,False,False,False,4.725,820.0,2.05,42.96296296296297
PAL0910,103,Adelie Penguin (Pygoscelis adeliae),Anvers,Biscoe,"Adult, 1 Egg Stage",N49A1,Yes,2009-11-15,37.7,16.0,183.0,3075.0,Female,9.2151,-26.2253,,False,False,False,False,False,3.075,603.2,2.35625,59.512195121951216
PAL0910,104,Adelie Penguin (Pygoscelis adeliae),Anvers,Biscoe,"Adult, 1 Egg Stage",N49A2,Yes,2009-11-15,37.8,20.0,190.0,4250.0,Male,9.51929,-25.69199,,False,False,False,False,False,4.25,756.0,1.89,44.705882352941174
PAL0910,105,Adelie Penguin (Pygoscelis adeliae),Anvers,Biscoe,"Adult, 1 Egg Stage",N51A1,Yes,2009-11-15,37.9,18.6,193.0,2925.0,Female,9.02642,-25.86482,,False,False,False,False,False,2.925,704.94,2.0376344086021505,65.98290598290599
PAL0910,106,Adelie Penguin (Pygoscelis adeliae),Anvers,Biscoe,"Adult, 1 Egg Stage",N51A2,Yes,2009-11-15,39.7,18.9,184.0,3550.0,Male,8.85699,-25.80208,,False,False,False,False,False,3.55,750.33,2.100529100529101,51.83098591549296
PAL0910,107,Adelie Penguin (Pygoscelis adeliae),Anvers,Biscoe,"Adult, 1 Egg Stage",N53A1,Yes,2009-11-15,38.6,17.2,199.0,3750.0,Female,8.77322,-26.48973,,False,False,False,False,False,3.75,663.92,2.244186046511628,53.06666666666667
PAL0910,108,Adelie Penguin (Pygoscelis adeliae),Anvers,Biscoe,"Adult, 1 Egg Stage",N53A2,Yes,2009-11-15,38.2,20.0,190.0,3900.0,Male,9.59245,-25.70711,,False,False,False,False,False,3.9,764.0,1.9100000000000001,48.71794871794872
PAL0910,109,Adelie Penguin (Pygoscelis adeliae),Anvers,Biscoe,"Adult, 1 Egg Stage",N55A1,Yes,2009-11-20,38.1,17.0,181.0,3175.0,Female,9.79532,-25.27385,,False,False,False,False,False,3.175,647.7,2.2411764705882353,57.00787401574804
PAL0910,110,Adelie Penguin (Pygoscelis adeliae),Anvers,Biscoe,"Adult, 1 Egg Stage",N55A2,Yes,2009-11-20,43.2,19.0,197.0,4775.0,Male,9.31735,-25.45171,,False,False,False,False,False,4.775,820.8000000000001,2.2736842105263158,41.2565445026178
PAL0910,111,Adelie Penguin (Pygoscelis adeliae),Anvers,Biscoe,"Adult, 1 Egg Stage",N58A1,Yes,2009-11-12,38.1,16.5,198.0,3825.0,Female,8.43951,-26.57563,,False,False,False,False,False,3.825,628.65,2.309090909090909,51.76470588235294
PAL0910,112,Adelie Penguin (Pygoscelis adeliae),Anvers,Biscoe,"Adult, 1 Egg Stage",N58A2,Yes,2009-11-12,45.6,20.3,191.0,4600.0,Male,8.65466,-26.32909,,False,False,False,False,False,4.6,925.6800000000001,2.2463054187192117,41.52173913043479
PAL0910,113,Adelie Penguin (Pygoscelis adeliae),Anvers,Biscoe,"Adult, 1 Egg Stage",N60A1,Yes,2009-11-15,39.7,17.7,193.0,3200.0,Female,9.02657,-26.06203,,False,False,False,False,False,3.2,702.69,2.2429378531073447,60.3125
PAL0910,114,Adelie Penguin (Pygoscelis adeliae),Anvers,Biscoe,"Adult, 1 Egg Stage",N60A2,Yes,2009-11-15,42.2,19.5,197.0,4275.0,Male,8.80186,-26.41218,,False,False,False,False,False,4.275,822.9000000000001,2.1641025641025644,46.081871345029235
PAL0910,115,Adelie Penguin (Pygoscelis adeliae),Anvers,Biscoe,"Adult, 1 Egg Stage",N61A1,Yes,2009-11-17,39.6,20.7,191.0,3900.0,Female,8.80967,-26.78958,,False,False,False,False,False,3.9,819.72,1.9130434782608696,48.97435897435898
PAL0910,116,Adelie Penguin (Pygoscelis adeliae),Anvers,Biscoe,"Adult, 1 Egg Stage",N61A2,Yes,2009-11-17,42.7,18.3,196.0,4075.0,Male,8.91434,-26.42018,,False,False,False,False,False,4.075,781.4100000000001,2.3333333333333335,48.09815950920245
PAL0910,117,Adelie Penguin (Pygoscelis adeliae),Anvers,Torgersen,"Adult, 1 Egg Stage",N63A1,Yes,2009-11-18,38.6,17.0,188.0,2900.0,Female,9.18021,-25.77264,,False,False,False,False,False,2.9,656.2,2.2705882352941176,64.82758620689656
PAL0910,118,Adelie Penguin (Pygoscelis adeliae),Anvers,Torgersen,"Adult, 1 Egg Stage",N63A2,Yes,2009-11-18,37.3,20.5,199.0,3775.0,Male,9.49645,-26.36678,,False,False,False,False,False,3.775,764.65,1.819512195121951,52.71523178807947
PAL0910,119,Adelie Penguin (Pygoscelis adeliae),Anvers,Torgersen,"Adult, 1 Egg Stage",N64A1,Yes,2009-11-22,35.7,17.0,189.0,3350.0,Female,8.96436,-23.90309,,False,False,False,False,False,3.35,606.9000000000001,2.1,56.417910447761194
PAL0910,120,Adelie Penguin (Pygoscelis adeliae),Anvers,Torgersen,"Adult, 1 Egg Stage",N64A2,Yes,2009-11-22,41.1,18.6,189.0,3325.0,Male,9.32277,-26.09989,,False,False,False,False,False,3.325,764.46,2.2096774193548385,56.84210526315789
PAL0910,121,Adelie Penguin (Pygoscelis adeliae),Anvers,Torgersen,"Adult, 1 Egg Stage",N66A1,No,2009-11-17,36.2,17.2,187.0,3150.0,Female,9.04296,-26.19444,Nest never observed with full clutch.,False,False,False,False,False,3.15,622.64,2.104651162790698,59.36507936507937
PAL0910,122,Adelie Penguin (Pygoscelis adeliae),Anvers,Torgersen,"Adult, 1 Egg Stage",N66A2,No,2009-11-17,37.7,19.8,198.0,3500.0,Male,9.11066,-26.42563,Nest never observed with full clutch.,False,False,False,False,False,3.5,746.46,1.9040404040404042,56.57142857142857
PAL0910,123,Adelie Penguin (Pygoscelis adeliae),Anvers,Torgersen,"Adult, 1 Egg Stage",N67A1,Yes,2009-11-16,40.2,17.0,176.0,3450.0,Female,9.30722,-25.61039,,False,False,False,False,False,3.45,683.4000000000001,2.364705882352941,51.01449275362319
PAL0910,124,Adelie Penguin (Pygoscelis adeliae),Anvers,Torgersen,"Adult, 1 Egg Stage",N67A2,Yes,2009-11-16,41.4,18.5,202.0,3875.0,Male,9.59462,-25.42621,,False,False,False,False,False,3.875,765.9,2.2378378378378376,52.12903225806452
PAL0910,125,Adelie Penguin (Pygoscelis adeliae),Anvers,Torgersen,"Adult, 1 Egg Stage",N69A1,Yes,2009-11-18,35.2,15.9,186.0,3050.0,Female,8.81668,-25.95399,,False,False,False,False,False,3.05,559.6800000000001,2.2138364779874213,60.98360655737705
PAL0910,126,Adelie Penguin (Pygoscelis adeliae),Anvers,Torgersen,"Adult, 1 Egg Stage",N69A2,Yes,2009-11-18,40.6,19.0,199.0,4000.0,Male,9.22537,-25.60826,,False,False,False,False,False,4.0,771.4,2.136842105263158,49.75
PAL0910,127,Adelie Penguin (Pygoscelis adeliae),Anvers,Torgersen,"Adult, 1 Egg Stage",N71A1,Yes,2009-11-21,38.8,17.6,191.0,3275.0,Female,8.88098,-25.89741,,False,False,False,False,False,3.275,682.88,2.204545454545454,58.3206106870229
PAL0910,128,Adelie Penguin (Pygoscelis adeliae),Anvers,Torgersen,"Adult, 1 Egg Stage",N71A2,Yes,2009-11-21,41.5,18.3,195.0,4300.0,Male,8.52566,-26.0245,,False,False,False,False,False,4.3,759.45,2.26775956284153,45.348837209302324
PAL0910,129,Adelie Penguin (Pygoscelis adeliae),Anvers,Torgersen,"Adult, 1 Egg Stage",N72A1,Yes,2009-11-18,39.0,17.1,191.0,3050.0,Female,9.19031,-25.73722,,False,False,False,False,False,3.05,666.9000000000001,2.280701754385965,62.622950819672134
PAL0910,130,Adelie Penguin (Pygoscelis adeliae),Anvers,Torgersen,"Adult, 1 Egg Stage",N72A2,Yes,2009-11-18,44.1,18.0,210.0,4000.0,Male,9.10702,-26.01363,,False,False,False,False,False,4.0,793.8000000000001,2.45,52.5
PAL0910,131,Adelie Penguin (Pygoscelis adeliae),Anvers,Torgersen,"Adult, 1 Egg Stage",N73A1,No,2009-11-23,38.5,17.9,190.0,3325.0,Female,8.9846,-25.57956,Nest never observed with full clutch.,False,False,False,False,False,3.325,689.15,2.1508379888268156,57.14285714285714
PAL0910,132,Adelie Penguin (Pygoscelis adeliae),Anvers,Torgersen,"Adult, 1 Egg Stage",N73A2,No,2009-11-23,43.1,19.2,197.0,3500.0,Male,8.86495,-26.1396,Nest never observed with full clutch.,False,False,False,False,False,3.5,827.52,2.244791666666667,56.285714285714285
PAL0910,133,Adelie Penguin (Pygoscelis adeliae),Anvers,Dream,"Adult, 1 Egg Stage",N76A1,Yes,2009-11-10,36.8,18.5,193.0,3500.0,Female,8.98705,-25.57647,,False,False,False,False,False,3.5,680.8,1.989189189189189,55.142857142857146
PAL0910,134,Adelie Penguin (Pygoscelis adeliae),Anvers,Dream,"Adult, 1 Egg Stage",N76A2,Yes,2009-11-10,37.5,18.5,199.0,4475.0,Male,8.56708,-26.49288,,False,False,False,False,False,4.475,693.75,2.027027027027027,44.469273743016764
PAL0910,135,Adelie Penguin (Pygoscelis adeliae),Anvers,Dream,"Adult, 1 Egg Stage",N77A1,Yes,2009-11-13,38.1,17.6,187.0,3425.0,Female,8.717,-25.77951,,False,False,False,False,False,3.425,670.5600000000001,2.164772727272727,54.5985401459854
PAL0910,136,Adelie Penguin (Pygoscelis adeliae),Anvers,Dream,"Adult, 1 Egg Stage",N77A2,Yes,2009-11-13,41.1,17.5,190.0,3900.0,Male,8.94365,-26.06943,,False,False,False,False,False,3.9,719.25,2.3485714285714288,48.71794871794872
PAL0910,137,Adelie Penguin (Pygoscelis adeliae),Anvers,Dream,"Adult, 1 Egg Stage",N78A1,Yes,2009-11-16,35.6,17.5,191.0,3175.0,Female,8.75984,-25.97696,,False,False,False,False,False,3.175,623.0,2.0342857142857143,60.15748031496064
PAL0910,138,Adelie Penguin (Pygoscelis adeliae),Anvers,Dream,"Adult, 1 Egg Stage",N78A2,Yes,2009-11-16,40.2,20.1,200.0,3975.0,Male,8.95998,-26.32601,,False,False,False,False,False,3.975,808.0200000000001,2.0,50.31446540880503
PAL0910,139,Adelie Penguin (Pygoscelis adeliae),Anvers,Dream,"Adult, 1 Egg Stage",N79A1,No,2009-11-16,37.0,16.5,185.0,3400.0,Female,8.61651,-26.07021,Nest never observed with full clutch.,False,False,False,False,False,3.4,610.5,2.242424242424242,54.411764705882355
PAL0910,140,Adelie Penguin (Pygoscelis adeliae),Anvers,Dream,"Adult, 1 Egg Stage",N79A2,No,2009-11-16,39.7,17.9,193.0,4250.0,Male,9.25769,-25.88798,Nest never observed with full clutch.,False,False,False,False,False,4.25,710.63,2.217877094972067,45.411764705882355
PAL0910,141,Adelie Penguin (Pygoscelis adeliae),Anvers,Dream,"Adult, 1 Egg Stage",N80A1,Yes,2009-11-14,40.2,17.1,193.0,3400.0,Female,9.2881,-25.54976,,False,False,False,False,False,3.4,687.4200000000001,2.350877192982456,56.76470588235294
PAL0910,142,Adelie Penguin (Pygoscelis adeliae),Anvers,Dream,"Adult, 1 Egg Stage",N80A2,Yes,2009-11-14,40.6,17.2,187.0,3475.0,Male,9.23408,-26.01549,,False,False,False,False,False,3.475,698.32,2.36046511627907,53.81294964028777
PAL0910,143,Adelie Penguin (Pygoscelis adeliae),Anvers,Dream,"Adult, 1 Egg Stage",N81A1,Yes,2009-11-16,32.1,15.5,188.0,3050.0,Female,8.79787,-26.61075,,False,False,False,False,False,3.05,497.55,2.070967741935484,61.63934426229508
PAL0910,144,Adelie Penguin (Pygoscelis adeliae),Anvers,Dream,"Adult, 1 Egg Stage",N81A2,Yes,2009-11-16,40.7,17.0,190.0,3725.0,Male,9.05674,-25.79529,,False,False,False,False,False,3.725,691.9000000000001,2.394117647058824,51.00671140939597
PAL0910,145,Adelie Penguin (Pygoscelis adeliae),Anvers,Dream,"Adult, 1 Egg Stage",N82A1,Yes,2009-11-16,37.3,16.8,192.0,3000.0,Female,9.06829,-25.85203,,False,False,False,False,False,3.0,626.64,2.220238095238095,64.0
PAL0910,146,Adelie Penguin (Pygoscelis adeliae),Anvers,Dream,"Adult, 1 Egg Stage",N82A2,Yes,2009-11-16,39.0,18.7,185.0,3650.0,Male,9.22033,-26.03442,,False,False,False,False,False,3.65,729.3,2.085561497326203,50.68493150684932
PAL0910,147,Adelie Penguin (Pygoscelis adeliae),Anvers,Dream,"Adult, 1 Egg Stage",N83A1,Yes,2009-11-13,39.2,18.6,190.0,4250.0,Male,9.11006,-25.79549,,False,False,False,False,False,4.25,729.1200000000001,2.10752688172043,44.705882352941174
PAL0910,148,Adelie Penguin (Pygoscelis adeliae),Anvers,Dream,"Adult, 1 Egg Stage",N83A2,Yes,2009-11-13,36.6,18.4,184.0,3475.0,Female,8.68744,-25.8306,,False,False,False,False,False,3.475,673.4399999999999,1.9891304347826089,52.94964028776978
PAL0910,149,Adelie Penguin (Pygoscelis adeliae),Anvers,Dream,"Adult, 1 Egg Stage",N84A1,Yes,2009-11-17,36.0,17.8,195.0,3450.0,Female,8.94332,-25.79189,,False,False,False,False,False,3.45,640.8000000000001,2.0224719101123596,56.52173913043478
PAL0910,150,Adelie Penguin (Pygoscelis adeliae),Anvers,Dream,"Adult, 1 Egg Stage",N84A2,Yes,2009-11-17,37.8,18.1,193.0,3750.0,Male,8.97533,-26.03495,,False,False,False,False,False,3.75,684.18,2.0883977900552484,51.46666666666667
PAL0910,151,Adelie Penguin (Pygoscelis adeliae),Anvers,Dream,"Adult, 1 Egg Stage",N85A1,Yes,2009-11-17,36.0,17.1,187.0,3700.0,Female,8.93465,-26.07081,,False,False,False,False,False,3.7,615.6,2.1052631578947367,50.54054054054054
PAL0910,152,Adelie Penguin (Pygoscelis adeliae),Anvers,Dream,"Adult, 1 Egg Stage",N85A2,Yes,2009-11-17,41.5,18.5,201.0,4000.0,Male,8.8964,-26.06967,,False,False,False,False,False,4.0,767.75,2.2432432432432434,50.25
PAL0708,1,Gentoo penguin (Pygoscelis papua),Anvers,Biscoe,"Adult, 1 Egg Stage",N31A1,Yes,2007-11-27,46.1,13.2,211.0,4500.0,Female,7.993,-25.5139,,False,False,False,False,False,4.5,608.52,3.4924242424242427,46.888888888888886
PAL0708,2,Gentoo penguin (Pygoscelis papua),Anvers,Biscoe,"Adult, 1 Egg Stage",N31A2,Yes,2007-11-27,50.0,16.3,230.0,5700.0,Male,8.14756,-25.39369,,False,False,False,False,False,5.7,815.0,3.067484662576687,40.35087719298245
PAL0708,3,Gentoo penguin (Pygoscelis papua),Anvers,Biscoe,"Adult, 1 Egg Stage",N32A1,Yes,2007-11-27,48.7,14.1,210.0,4450.0,Female,8.14705,-25.46172,,False,False,False,False,False,4.45,686.6700000000001,3.4539007092198584,47.19101123595505
PAL0708,4,Gentoo penguin (Pygoscelis papua),Anvers,Biscoe,"Adult, 1 Egg Stage",N32A2,Yes,2007-11-27,50.0,15.2,218.0,5700.0,Male,8.2554,-25.40075,,False,False,False,False,False,5.7,760.0,3.2894736842105265,38.24561403508772
PAL0708,5,Gentoo penguin (Pygoscelis papua),Anvers,Biscoe,"Adult, 1 Egg Stage",N33A1,Yes,2007-11-18,47.6,14.5,215.0,5400.0,Male,8.2345,-25.54456,,False,False,False,False,False,5.4,690.2,3.282758620689655,39.81481481481481
PAL0708,6,Gentoo penguin (Pygoscelis papua),Anvers,Biscoe,"Adult, 1 Egg Stage",N33A2,Yes,2007-11-18,46.5,13.5,210.0,4550.0,Female,7.9953,-25.32829,,False,False,False,False,False,4.55,627.75,3.4444444444444446,46.15384615384615
PAL0708,7,Gentoo penguin (Pygoscelis papua),Anvers,Biscoe,"Adult, 1 Egg Stage",N34A1,Yes,2007-11-27,45.4,14.6,211.0,4800.0,Female,8.24515,-25.46782,,False,False,False,False,False,4.8,662.8399999999999,3.1095890410958904,43.958333333333336
PAL0708,8,Gentoo penguin (Pygoscelis papua),Anvers,Biscoe,"Adult, 1 Egg Stage",N34A2,Yes,2007-11-27,46.7,15.3,219.0,5200.0,Male,8.22673,-25.4276,,False,False,False,False,False,5.2,714.5100000000001,3.0522875816993467,42.11538461538461
PAL0708,9,Gentoo penguin (Pygoscelis papua),Anvers,Biscoe,"Adult, 1 Egg Stage",N35A1,Yes,2007-11-27,43.3,13.4,209.0,4400.0,Female,8.13643,-25.32176,,False,False,False,False,False,4.4,580.22,3.231343283582089,47.49999999999999
PAL0708,10,Gentoo penguin (Pygoscelis papua),Anvers,Biscoe,"Adult, 1 Egg Stage",N35A2,Yes,2007-11-27,46.8,15.4,215.0,5150.0,Male,8.1631,-25.38017,,False,False,False,False,False,5.15,720.72,3.038961038961039,41.74757281553398
PAL0708,11,Gentoo penguin (Pygoscelis papua),Anvers,Biscoe,"Adult, 1 Egg Stage",N36A1,No,2007-11-27,40.9,13.7,214.0,4650.0,Female,8.19579,-25.3933,Nest never observed with full clutch.,False,False,False,False,False,4.65,560.3299999999999,2.985401459854015,46.02150537634408
PAL0708,12,Gentoo penguin (Pygoscelis papua),Anvers,Biscoe,"Adult, 1 Egg Stage",N36A2,No,2007-11-27,49.0,16.1,216.0,5550.0,Male,8.10417,-25.50562,Nest never observed with full clutch.,False,False,False,False,False,5.55,788.9000000000001,3.043478260869565,38.91891891891892
PAL0708,13,Gentoo penguin (Pygoscelis papua),Anvers,Biscoe,"Adult, 1 Egg Stage",N37A1,Yes,2007-11-29,45.5,13.7,214.0,4650.0,Female,7.77672,-25.4168,,False,False,False,False,False,4.65,623.35,3.321167883211679,46.02150537634408
PAL0708,14,Gentoo penguin (Pygoscelis papua),Anvers,Biscoe,"Adult, 1 Egg Stage",N37A2,Yes,2007-11-29,48.4,14.6,213.0,5850.0,Male,7.8208,-25.48025,,False,False,False,False,False,5.85,706.64,3.315068493150685,36.410256410256416
PAL0708,15,Gentoo penguin (Pygoscelis papua),Anvers,Biscoe,"Adult, 1 Egg Stage",N38A1,Yes,2007-12-03,45.8,14.6,210.0,4200.0,Female,7.79958,-25.62618,,False,False,False,False,False,4.2,668.68,3.136986301369863,50.0
PAL0708,16,Gentoo penguin (Pygoscelis papua),Anvers,Biscoe,"Adult, 1 Egg Stage",N38A2,Yes,2007-12-03,49.3,15.7,217.0,5850.0,Male,8.07137,-25.52473,,False,False,False,False,False,5.85,774.0099999999999,3.140127388535032,37.0940170940171
PAL0708,17,Gentoo penguin (Pygoscelis papua),Anvers,Biscoe,"Adult, 1 Egg Stage",N39A1,Yes,2007-11-27,42.0,13.5,210.0,4150.0,Female,7.63884,-25.52627,,False,False,False,False,False,4.15,567.0,3.111111111111111,50.602409638554214
PAL0708,18,Gentoo penguin (Pygoscelis papua),Anvers,Biscoe,"Adult, 1 Egg Stage",N39A2,Yes,2007-11-27,49.2,15.2,221.0,6300.0,Male,8.27376,-25.00169,,False,False,False,False,False,6.3,747.84,3.2368421052631584,35.07936507936508
PAL0708,19,Gentoo penguin (Pygoscelis papua),Anvers,Biscoe,"Adult, 1 Egg Stage",N40A1,Yes,2007-11-27,46.2,14.5,209.0,4800.0,Female,7.84057,-25.37899,,False,False,False,False,False,4.8,669.9000000000001,3.1862068965517243,43.54166666666667
PAL0708,20,Gentoo penguin (Pygoscelis papua),Anvers,Biscoe,"Adult, 1 Egg Stage",N40A2,Yes,2007-11-27,48.7,15.1,222.0,5350.0,Male,7.96491,-25.39587,,False,False,False,False,False,5.35,735.37,3.2251655629139075,41.49532710280374
PAL0708,21,Gentoo penguin (Pygoscelis papua),Anvers,Biscoe,"Adult, 1 Egg Stage",N41A1,Yes,2007-11-27,50.2,14.3,218.0,5700.0,Male,7.8962,-25.37746,,False,False,False,False,False,5.7,717.8600000000001,3.5104895104895104,38.24561403508772
PAL0708,22,Gentoo penguin (Pygoscelis papua),Anvers,Biscoe,"Adult, 1 Egg Stage",N41A2,Yes,2007-11-27,45.1,14.5,215.0,5000.0,Female,7.6322,-25.46569,,False,False,False,False,False,5.0,653.95,3.110344827586207,43.0
PAL0708,23,Gentoo penguin (Pygoscelis papua),Anvers,Biscoe,"Adult, 1 Egg Stage",N42A1,Yes,2007-11-27,46.5,14.5,213.0,4400.0,Female,7.90436,-25.3947,,False,False,False,False,False,4.4,674.25,3.206896551724138,48.40909090909091
PAL0708,24,Gentoo penguin (Pygoscelis papua),Anvers,Biscoe,"Adult, 1 Egg Stage",N42A2,Yes,2007-11-27,46.3,15.8,215.0,5050.0,Male,7.90971,-25.38157,,False,False,False,False,False,5.05,731.54,2.9303797468354427,42.57425742574257
PAL0708,25,Gentoo penguin (Pygoscelis papua),Anvers,Biscoe,"Adult, 1 Egg Stage",N44A1,Yes,2007-11-29,42.9,13.1,215.0,5000.0,Female,7.68528,-25.39181,,False,False,False,False,False,5.0,561.99,3.2748091603053435,43.0
PAL0708,26,Gentoo penguin (Pygoscelis papua),Anvers,Biscoe,"Adult, 1 Egg Stage",N44A2,Yes,2007-11-29,46.1,15.1,215.0,5100.0,Male,7.83733,-25.42826,,False,False,False,False,False,5.1,696.11,3.0529801324503314,42.15686274509804
PAL0708,27,Gentoo penguin (Pygoscelis papua),Anvers,Biscoe,"Adult, 1 Egg Stage",N46A1,Yes,2007-11-29,44.5,14.3,216.0,4100.0,Unknown,7.96621,-25.69327,Sexing primers did not amplify.,False,False,False,False,False,4.1,636.35,3.1118881118881117,52.6829268292683
PAL0708,28,Gentoo penguin (Pygoscelis papua),Anvers,Biscoe,"Adult, 1 Egg Stage",N46A2,Yes,2007-11-29,47.8,15.0,215.0,5650.0,Male,7.92358,-25.48383,,False,False,False,False,False,5.65,717.0,3.1866666666666665,38.05309734513274
PAL0708,29,Gentoo penguin (Pygoscelis papua),Anvers,Biscoe,"Adult, 1 Egg Stage",N47A1,Yes,2007-11-29,48.2,14.3,210.0,4600.0,Female,7.6887,-25.50811,,False,False,False,False,False,4.6,689.2600000000001,3.370629370629371,45.652173913043484
PAL0708,30,Gentoo penguin (Pygoscelis papua),Anvers,Biscoe,"Adult, 1 Egg Stage",N47A2,Yes,2007-11-29,50.0,15.3,220.0,5550.0,Male,8.30515,-25.19017,,False,False,False,False,False,5.55,765.0,3.2679738562091503,39.63963963963964
PAL0708,31,Gentoo penguin (Pygoscelis papua),Anvers,Biscoe,"Adult, 1 Egg Stage",N50A1,Yes,2007-11-29,47.3,15.3,222.0,5250.0,Male,,,Not enough blood for isotopes.,False,False,False,False,False,5.25,723.6899999999999,3.091503267973856,42.285714285714285
PAL0708,32,Gentoo penguin (Pygoscelis papua),Anvers,Biscoe,"Adult, 1 Egg Stage",N50A2,Yes,2007-11-29,42.8,14.2,209.0,4700.0,Female,7.63452,-25.46327,,False,False,False,False,False,4.7,607.7599999999999,3.0140845070422535,44.46808510638298
PAL0708,33,Gentoo penguin (Pygoscelis papua),Anvers,Biscoe,"Adult, 1 Egg Stage",N56A1,Yes,2007-12-03,45.1,14.5,207.0,5050.0,Female,7.97408,-25.53768,,False,False,False,False,False,5.05,653.95,3.110344827586207,40.990099009900995
PAL0708,34,Gentoo penguin (Pygoscelis papua),Anvers,Biscoe,"Adult, 1 Egg Stage",N56A2,Yes,2007-12-03,59.6,17.0,230.0,6050.0,Male,7.76843,-25.6821,,False,False,False,False,False,6.05,1013.2,3.5058823529411764,38.01652892561984
PAL0809,35,Gentoo penguin (Pygoscelis papua),Anvers,Biscoe,"Adult, 1 Egg Stage",N2A1,Yes,2008-11-13,49.1,14.8,220.0,5150.0,Female,7.89744,-26.63405,,False,False,False,False,False,5.15,726.6800000000001,3.3175675675675675,42.71844660194174
PAL0809,36,Gentoo penguin (Pygoscelis papua),Anvers,Biscoe,"Adult, 1 Egg Stage",N2A2,Yes,2008-11-13,48.4,16.3,220.0,5400.0,Male,8.03659,-26.86127,,False,False,False,False,False,5.4,788.92,2.969325153374233,40.74074074074074
PAL0809,37,Gentoo penguin (Pygoscelis papua),Anvers,Biscoe,"Adult, 1 Egg Stage",N4A1,Yes,2008-11-02,42.6,13.7,213.0,4950.0,Female,7.96935,-26.70968,,False,False,False,False,False,4.95,583.62,3.109489051094891,43.03030303030303
PAL0809,38,Gentoo penguin (Pygoscelis papua),Anvers,Biscoe,"Adult, 1 Egg Stage",N4A2,Yes,2008-11-02,44.4,17.3,219.0,5250.0,Male,8.13746,-26.79093,,False,False,False,False,False,5.25,768.12,2.566473988439306,41.714285714285715
PAL0809,39,Gentoo penguin (Pygoscelis papua),Anvers,Biscoe,"Adult, 1 Egg Stage",N5A1,Yes,2008-11-09,44.0,13.6,208.0,4350.0,Female,8.01979,-26.68311,,False,False,False,False,False,4.35,598.4,3.235294117647059,47.816091954022994
PAL0809,40,Gentoo penguin (Pygoscelis papua),Anvers,Biscoe,"Adult, 1 Egg Stage",N5A2,Yes,2008-11-09,48.7,15.7,208.0,5350.0,Male,8.14776,-26.84506,,False,False,False,False,False,5.35,764.59,3.101910828025478,38.8785046728972
PAL0809,41,Gentoo penguin (Pygoscelis papua),Anvers,Biscoe,"Adult, 1 Egg Stage",N6A1,No,2008-11-04,42.7,13.7,208.0,3950.0,Female,8.14567,-26.59467,Nest never observed with full clutch.,False,False,False,False,False,3.95,584.99,3.1167883211678835,52.65822784810126
PAL0809,42,Gentoo penguin (Pygoscelis papua),Anvers,Biscoe,"Adult, 1 Egg Stage",N6A2,No,2008-11-04,49.6,16.0,225.0,5700.0,Male,8.38324,-26.84272,Nest never observed with full clutch.,False,False,False,False,False,5.7,793.6,3.1,39.473684210526315
PAL0809,43,Gentoo penguin (Pygoscelis papua),Anvers,Biscoe,"Adult, 1 Egg Stage",N7A1,Yes,2008-11-04,45.3,13.7,210.0,4300.0,Female,8.37615,-26.72791,,False,False,False,False,False,4.3,620.6099999999999,3.3065693430656933,48.83720930232558
PAL0809,44,Gentoo penguin (Pygoscelis papua),Anvers,Biscoe,"Adult, 1 Egg Stage",N7A2,Yes,2008-11-04,49.6,15.0,216.0,4750.0,Male,8.26548,-26.7699,,False,False,False,False,False,4.75,744.0,3.3066666666666666,45.473684210526315
PAL0809,45,Gentoo penguin (Pygoscelis papua),Anvers,Biscoe,"Adult, 1 Egg Stage",N8A1,Yes,2008-11-03,50.5,15.9,222.0,5550.0,Male,8.46894,-26.60436,,False,False,False,False,False,5.55,802.95,3.1761006289308176,40.0
PAL0809,46,Gentoo penguin (Pygoscelis papua),Anvers,Biscoe,"Adult, 1 Egg Stage",N8A2,Yes,2008-11-03,43.6,13.9,217.0,4900.0,Female,8.27141,-26.7765,,False,False,False,False,False,4.9,606.0400000000001,3.1366906474820144,44.285714285714285
PAL0809,47,Gentoo penguin (Pygoscelis papua),Anvers,Biscoe,"Adult, 1 Egg Stage",N11A1,No,2008-11-09,45.5,13.9,210.0,4200.0,Female,8.47829,-26.61788,Nest never observed with full clutch.,False,False,False,False,False,4.2,632.45,3.273381294964029,50.0
PAL0809,48,Gentoo penguin (Pygoscelis papua),Anvers,Biscoe,"Adult, 1 Egg Stage",N11A2,No,2008-11-09,50.5,15.9,225.0,5400.0,Male,8.65803,-26.57585,Nest never observed with full clutch.,False,False,False,False,False,5.4,802.95,3.1761006289308176,41.666666666666664
PAL0809,49,Gentoo penguin (Pygoscelis papua),Anvers,Biscoe,"Adult, 1 Egg Stage",N12A1,Yes,2008-11-02,44.9,13.3,213.0,5100.0,Female,8.45167,-26.89644,,False,False,False,False,False,5.1,597.17,3.37593984962406,41.76470588235294
PAL0809,50,Gentoo penguin (Pygoscelis papua),Anvers,Biscoe,"Adult, 1 Egg Stage",N12A2,Yes,2008-11-02,45.2,15.8,215.0,5300.0,Male,8.55868,-26.67799,,False,False,False,False,False,5.3,714.1600000000001,2.8607594936708862,40.56603773584906
PAL0809,51,Gentoo penguin (Pygoscelis papua),Anvers,Biscoe,"Adult, 1 Egg Stage",N13A1,Yes,2008-11-04,46.6,14.2,210.0,4850.0,Female,8.38289,-26.86352,,False,False,False,False,False,4.85,661.72,3.2816901408450705,43.29896907216495
PAL0809,52,Gentoo penguin (Pygoscelis papua),Anvers,Biscoe,"Adult, 1 Egg Stage",N13A2,Yes,2008-11-04,48.5,14.1,220.0,5300.0,Male,8.39867,-26.79358,,False,False,False,False,False,5.3,683.85,3.4397163120567376,41.509433962264154
PAL0809,53,Gentoo penguin (Pygoscelis papua),Anvers,Biscoe,"Adult, 1 Egg Stage",N14A1,Yes,2008-11-04,45.1,14.4,210.0,4400.0,Female,8.51951,-27.01854,,False,False,False,False,False,4.4,649.44,3.1319444444444446,47.72727272727273
PAL0809,54,Gentoo penguin (Pygoscelis papua),Anvers,Biscoe,"Adult, 1 Egg Stage",N14A2,Yes,2008-11-04,50.1,15.0,225.0,5000.0,Male,8.50153,-26.61414,,False,False,False,False,False,5.0,751.5,3.3400000000000003,45.0
PAL0809,55,Gentoo penguin (Pygoscelis papua),Anvers,Biscoe,"Adult, 1 Egg Stage",N15A1,Yes,2008-11-04,46.5,14.4,217.0,4900.0,Female,8.48789,-26.83006,,False,False,False,False,False,4.9,669.6,3.2291666666666665,44.285714285714285
PAL0809,56,Gentoo penguin (Pygoscelis papua),Anvers,Biscoe,"Adult, 1 Egg Stage",N15A2,Yes,2008-11-04,45.0,15.4,220.0,5050.0,Male,8.63488,-26.75621,,False,False,False,False,False,5.05,693.0,2.922077922077922,43.56435643564357
PAL0809,57,Gentoo penguin (Pygoscelis papua),Anvers,Biscoe,"Adult, 1 Egg Stage",N16A1,Yes,2008-11-03,43.8,13.9,208.0,4300.0,Female,8.58319,-26.84415,,False,False,False,False,False,4.3,608.8199999999999,3.151079136690647,48.372093023255815
PAL0809,58,Gentoo penguin (Pygoscelis papua),Anvers,Biscoe,"Adult, 1 Egg Stage",N16A2,Yes,2008-11-03,45.5,15.0,220.0,5000.0,Male,8.63604,-26.7489,,False,False,False,False,False,5.0,682.5,3.033333333333333,44.0
PAL0809,59,Gentoo penguin (Pygoscelis papua),Anvers,Biscoe,"Adult, 1 Egg Stage",N17A1,Yes,2008-11-06,43.2,14.5,208.0,4450.0,Female,8.48367,-26.86485,,False,False,False,False,False,4.45,626.4000000000001,2.9793103448275864,46.741573033707866
PAL0809,60,Gentoo penguin (Pygoscelis papua),Anvers,Biscoe,"Adult, 1 Egg Stage",N17A2,Yes,2008-11-06,50.4,15.3,224.0,5550.0,Male,8.74647,-26.79846,,False,False,False,False,False,5.55,771.12,3.2941176470588234,40.36036036036036
PAL0809,61,Gentoo penguin (Pygoscelis papua),Anvers,Biscoe,"Adult, 1 Egg Stage",N18A1,Yes,2008-11-03,45.3,13.8,208.0,4200.0,Female,8.65015,-26.79053,,False,False,False,False,False,4.2,625.14,3.2826086956521734,49.52380952380952
PAL0809,62,Gentoo penguin (Pygoscelis papua),Anvers,Biscoe,"Adult, 1 Egg Stage",N18A2,Yes,2008-11-03,46.2,14.9,221.0,5300.0,Male,8.60092,-26.84374,,False,False,False,False,False,5.3,688.3800000000001,3.1006711409395975,41.69811320754717
PAL0809,63,Gentoo penguin (Pygoscelis papua),Anvers,Biscoe,"Adult, 1 Egg Stage",N19A1,Yes,2008-11-13,45.7,13.9,214.0,4400.0,Female,8.6287,-26.60484,,False,False,False,False,False,4.4,635.23,3.287769784172662,48.63636363636363
PAL0809,64,Gentoo penguin (Pygoscelis papua),Anvers,Biscoe,"Adult, 1 Egg Stage",N19A2,Yes,2008-11-13,54.3,15.7,231.0,5650.0,Male,8.49662,-26.84166,,False,False,False,False,False,5.65,852.5099999999999,3.4585987261146496,40.884955752212385
PAL0809,65,Gentoo penguin (Pygoscelis papua),Anvers,Biscoe,"Adult, 1 Egg Stage",N20A1,Yes,2008-11-04,45.8,14.2,219.0,4700.0,Female,8.60447,-26.61601,,False,False,False,False,False,4.7,650.3599999999999,3.2253521126760565,46.59574468085106
PAL0809,66,Gentoo penguin (Pygoscelis papua),Anvers,Biscoe,"Adult, 1 Egg Stage",N20A2,Yes,2008-11-04,49.8,16.8,230.0,5700.0,Male,8.47067,-26.69166,,False,False,False,False,False,5.7,836.64,2.964285714285714,40.35087719298245
PAL0809,67,Gentoo penguin (Pygoscelis papua),Anvers,Biscoe,"Adult, 1 Egg Stage",N51A1,Yes,2008-11-09,46.2,14.4,214.0,4650.0,Unknown,8.24253,-26.8154,Sexing primers did not amplify.,False,False,False,False,False,4.65,665.2800000000001,3.2083333333333335,46.02150537634408
PAL0809,68,Gentoo penguin (Pygoscelis papua),Anvers,Biscoe,"Adult, 1 Egg Stage",N51A2,Yes,2008-11-09,49.5,16.2,229.0,5800.0,Male,8.49854,-26.74809,,False,False,False,False,False,5.8,801.9,3.055555555555556,39.48275862068966
PAL0809,69,Gentoo penguin (Pygoscelis papua),Anvers,Biscoe,"Adult, 1 Egg Stage",N53A1,Yes,2008-11-13,43.5,14.2,220.0,4700.0,Female,8.64931,-26.68867,,False,False,False,False,False,4.7,617.6999999999999,3.063380281690141,46.80851063829787
PAL0809,70,Gentoo penguin (Pygoscelis papua),Anvers,Biscoe,"Adult, 1 Egg Stage",N53A2,Yes,2008-11-13,50.7,15.0,223.0,5550.0,Male,8.63551,-26.74249,,False,False,False,False,False,5.55,760.5,3.3800000000000003,40.18018018018018
PAL0809,71,Gentoo penguin (Pygoscelis papua),Anvers,Biscoe,"Adult, 1 Egg Stage",N54A1,Yes,2008-11-03,47.7,15.0,216.0,4750.0,Female,8.53018,-26.72751,,False,False,False,False,False,4.75,715.5,3.18,45.473684210526315
PAL0809,72,Gentoo penguin (Pygoscelis papua),Anvers,Biscoe,"Adult, 1 Egg Stage",N54A2,Yes,2008-11-03,46.4,15.6,221.0,5000.0,Male,8.35078,-26.70783,,False,False,False,False,False,5.0,723.8399999999999,2.9743589743589745,44.2
PAL0809,73,Gentoo penguin (Pygoscelis papua),Anvers,Biscoe,"Adult, 1 Egg Stage",N55A1,Yes,2008-11-09,48.2,15.6,221.0,5100.0,Male,8.24651,-26.66958,,False,False,False,False,False,5.1,751.9200000000001,3.08974358974359,43.333333333333336
PAL0809,74,Gentoo penguin (Pygoscelis papua),Anvers,Biscoe,"Adult, 1 Egg Stage",N55A2,Yes,2008-11-09,46.5,14.8,217.0,5200.0,Female,8.58487,-26.5929,,False,False,False,False,False,5.2,688.2,3.1418918918918917,41.730769230769226
PAL0809,75,Gentoo penguin (Pygoscelis papua),Anvers,Biscoe,"Adult, 1 Egg Stage",N56A1,Yes,2008-11-06,46.4,15.0,216.0,4700.0,Female,8.47938,-26.9547,,False,False,False,False,False,4.7,696.0,3.0933333333333333,45.95744680851064
PAL0809,76,Gentoo penguin (Pygoscelis papua),Anvers,Biscoe,"Adult, 1 Egg Stage",N56A2,Yes,2008-11-06,48.6,16.0,230.0,5800.0,Male,8.5964,-26.71199,,False,False,False,False,False,5.8,777.6,3.0375,39.6551724137931
PAL0809,77,Gentoo penguin (Pygoscelis papua),Anvers,Biscoe,"Adult, 1 Egg Stage",N58A1,Yes,2008-11-06,47.5,14.2,209.0,4600.0,Female,8.39299,-26.78733,,False,False,False,False,False,4.6,674.5,3.3450704225352115,45.434782608695656
PAL0809,78,Gentoo penguin (Pygoscelis papua),Anvers,Biscoe,"Adult, 1 Egg Stage",N58A2,Yes,2008-11-06,51.1,16.3,220.0,6000.0,Male,8.40327,-26.76821,,False,False,False,False,False,6.0,832.9300000000001,3.1349693251533743,36.666666666666664
PAL0809,79,Gentoo penguin (Pygoscelis papua),Anvers,Biscoe,"Adult, 1 Egg Stage",N60A1,Yes,2008-11-09,45.2,13.8,215.0,4750.0,Female,8.24694,-26.65359,,False,False,False,False,False,4.75,623.7600000000001,3.2753623188405796,45.26315789473684
PAL0809,80,Gentoo penguin (Pygoscelis papua),Anvers,Biscoe,"Adult, 1 Egg Stage",N60A2,Yes,2008-11-09,45.2,16.4,223.0,5950.0,Male,8.19749,-26.65931,,False,False,False,False,False,5.95,741.28,2.75609756097561,37.47899159663866
PAL0910,81,Gentoo penguin (Pygoscelis papua),Anvers,Biscoe,"Adult, 1 Egg Stage",N1A1,Yes,2009-11-18,49.1,14.5,212.0,4625.0,Female,8.35802,-26.2766,,False,False,False,False,False,4.625,711.95,3.386206896551724,45.83783783783784
PAL0910,82,Gentoo penguin (Pygoscelis papua),Anvers,Biscoe,"Adult, 1 Egg Stage",N1A2,Yes,2009-11-18,52.5,15.6,221.0,5450.0,Male,8.28601,-26.27573,,False,False,False,False,False,5.45,819.0,3.3653846153846154,40.55045871559633
PAL0910,83,Gentoo penguin (Pygoscelis papua),Anvers,Biscoe,"Adult, 1 Egg Stage",N6A1,Yes,2009-11-15,47.4,14.6,212.0,4725.0,Female,8.19101,-26.24369,,False,False,False,False,False,4.725,692.04,3.2465753424657535,44.867724867724874
PAL0910,84,Gentoo penguin (Pygoscelis papua),Anvers,Biscoe,"Adult, 1 Egg Stage",N6A2,Yes,2009-11-15,50.0,15.9,224.0,5350.0,Male,8.20042,-26.39677,,False,False,False,False,False,5.35,795.0,3.144654088050314,41.86915887850468
PAL0910,85,Gentoo penguin (Pygoscelis papua),Anvers,Biscoe,"Adult, 1 Egg Stage",N8A1,Yes,2009-11-22,44.9,13.8,212.0,4750.0,Female,8.11238,-26.20372,,False,False,False,False,False,4.75,619.62,3.253623188405797,44.63157894736842
PAL0910,86,Gentoo penguin (Pygoscelis papua),Anvers,Biscoe,"Adult, 1 Egg Stage",N8A2,Yes,2009-11-22,50.8,17.3,228.0,5600.0,Male,8.27428,-26.30019,,False,False,False,False,False,5.6,878.84,2.936416184971098,40.714285714285715
PAL0910,87,Gentoo penguin (Pygoscelis papua),Anvers,Biscoe,"Adult, 1 Egg Stage",N13A1,Yes,2009-11-20,43.4,14.4,218.0,4600.0,Female,8.23468,-26.18599,,False,False,False,False,False,4.6,624.96,3.013888888888889,47.39130434782609
PAL0910,88,Gentoo penguin (Pygoscelis papua),Anvers,Biscoe,"Adult, 1 Egg Stage",N13A2,Yes,2009-11-20,51.3,14.2,218.0,5300.0,Male,8.15426,-26.3433,,False,False,False,False,False,5.3,728.4599999999999,3.612676056338028,41.132075471698116
PAL0910,89,Gentoo penguin (Pygoscelis papua),Anvers,Biscoe,"Adult, 1 Egg Stage",N14A1,Yes,2009-11-25,47.5,14.0,212.0,4875.0,Female,8.12691,-26.23613,,False,False,False,False,False,4.875,665.0,3.392857142857143,43.48717948717949
PAL0910,90,Gentoo penguin (Pygoscelis papua),Anvers,Biscoe,"Adult, 1 Egg Stage",N14A2,Yes,2009-11-25,52.1,17.0,230.0,5550.0,Male,8.27595,-26.11657,,False,False,False,False,False,5.55,885.7,3.0647058823529414,41.44144144144144
PAL0910,91,Gentoo penguin (Pygoscelis papua),Anvers,Biscoe,"Adult, 1 Egg Stage",N15A1,Yes,2009-11-25,47.5,15.0,218.0,4950.0,Female,8.29671,-26.08547,,False,False,False,False,False,4.95,712.5,3.1666666666666665,44.04040404040404
PAL0910,92,Gentoo penguin (Pygoscelis papua),Anvers,Biscoe,"Adult, 1 Egg Stage",N15A2,Yes,2009-11-25,52.2,17.1,228.0,5400.0,Male,8.36701,-25.89834,,False,False,False,False,False,5.4,892.6200000000001,3.052631578947368,42.22222222222222
PAL0910,93,Gentoo penguin (Pygoscelis papua),Anvers,Biscoe,"Adult, 1 Egg Stage",N18A1,Yes,2009-12-01,45.5,14.5,212.0,4750.0,Female,8.15566,-26.22848,,False,False,False,False,False,4.75,659.75,3.1379310344827585,44.63157894736842
PAL0910,94,Gentoo penguin (Pygoscelis papua),Anvers,Biscoe,"Adult, 1 Egg Stage",N18A2,Yes,2009-12-01,49.5,16.1,224.0,5650.0,Male,8.83352,-25.69195,,False,False,False,False,False,5.65,796.95,3.074534161490683,39.64601769911504
PAL0910,95,Gentoo penguin (Pygoscelis papua),Anvers,Biscoe,"Adult, 1 Egg Stage",N19A1,Yes,2009-11-27,44.5,14.7,214.0,4850.0,Female,8.20106,-26.16524,,False,False,False,False,False,4.85,654.15,3.0272108843537415,44.12371134020619
PAL0910,96,Gentoo penguin (Pygoscelis papua),Anvers,Biscoe,"Adult, 1 Egg Stage",N19A2,Yes,2009-11-27,50.8,15.7,226.0,5200.0,Male,8.27102,-26.11244,,False,False,False,False,False,5.2,797.56,3.2356687898089174,43.46153846153846
PAL0910,97,Gentoo penguin (Pygoscelis papua),Anvers,Biscoe,"Adult, 1 Egg Stage",N20A1,Yes,2009-11-18,49.4,15.8,216.0,4925.0,Male,8.03624,-26.06594,,False,False,False,False,False,4.925,780.52,3.1265822784810124,43.85786802030457
PAL0910,98,Gentoo penguin (Pygoscelis papua),Anvers,Biscoe,"Adult, 1 Egg Stage",N20A2,Yes,2009-11-18,46.9,14.6,222.0,4875.0,Female,7.8881,-26.04726,,False,False,False,False,False,4.875,684.74,3.212328767123288,45.53846153846154
PAL0910,99,Gentoo penguin (Pygoscelis papua),Anvers,Biscoe,"Adult, 1 Egg Stage",N21A1,Yes,2009-11-18,48.4,14.4,203.0,4625.0,Female,8.16582,-26.13971,,False,False,False,False,False,4.625,696.96,3.3611111111111107,43.891891891891895
PAL0910,100,Gentoo penguin (Pygoscelis papua),Anvers,Biscoe,"Adult, 1 Egg Stage",N21A2,Yes,2009-11-18,51.1,16.5,225.0,5250.0,Male,8.2066,-26.36863,,False,False,False,False,False,5.25,843.15,3.096969696969697,42.857142857142854
PAL0910,101,Gentoo penguin (Pygoscelis papua),Anvers,Biscoe,"Adult, 1 Egg Stage",N22A1,Yes,2009-11-22,48.5,15.0,219.0,4850.0,Female,8.10231,-26.18763,,False,False,False,False,False,4.85,727.5,3.2333333333333334,45.154639175257735
PAL0910,102,Gentoo penguin (Pygoscelis papua),Anvers,Biscoe,"Adult, 1 Egg Stage",N22A2,Yes,2009-11-22,55.9,17.0,228.0,5600.0,Male,8.3118,-26.35425,,False,False,False,False,False,5.6,950.3,3.288235294117647,40.714285714285715
PAL0910,103,Gentoo penguin (Pygoscelis papua),Anvers,Biscoe,"Adult, 1 Egg Stage",N23A1,Yes,2009-11-18,47.2,15.5,215.0,4975.0,Female,8.30817,-26.21651,,False,False,False,False,False,4.975,731.6,3.045161290322581,43.21608040201005
PAL0910,104,Gentoo penguin (Pygoscelis papua),Anvers,Biscoe,"Adult, 1 Egg Stage",N23A2,Yes,2009-11-18,49.1,15.0,228.0,5500.0,Male,8.65914,-25.79203,,False,False,False,False,False,5.5,736.5,3.2733333333333334,41.45454545454545
PAL0910,105,Gentoo penguin (Pygoscelis papua),Anvers,Biscoe,"Adult, 1 Egg Stage",N24A1,Yes,2009-12-01,47.3,13.8,216.0,4725.0,Unknown,8.25818,-26.23886,Sexing primers did not amplify.,False,False,False,False,False,4.725,652.74,3.4275362318840576,45.714285714285715
PAL0910,106,Gentoo penguin (Pygoscelis papua),Anvers,Biscoe,"Adult, 1 Egg Stage",N24A2,Yes,2009-12-01,46.8,16.1,215.0,5500.0,Male,8.32359,-26.05756,,False,False,False,False,False,5.5,753.48,2.9068322981366457,39.09090909090909
PAL0910,107,Gentoo penguin (Pygoscelis papua),Anvers,Biscoe,"Adult, 1 Egg Stage",N28A1,Yes,2009-11-10,41.7,14.7,210.0,4700.0,Female,8.12311,-26.44815,,False,False,False,False,False,4.7,612.99,2.8367346938775513,44.680851063829785
PAL0910,108,Gentoo penguin (Pygoscelis papua),Anvers,Biscoe,"Adult, 1 Egg Stage",N28A2,Yes,2009-11-10,53.4,15.8,219.0,5500.0,Male,8.41017,-26.33867,,False,False,False,False,False,5.5,843.72,3.3797468354430378,39.81818181818182
PAL0910,109,Gentoo penguin (Pygoscelis papua),Anvers,Biscoe,"Adult, 1 Egg Stage",N29A1,Yes,2009-11-09,43.3,14.0,208.0,4575.0,Female,8.4207,-26.38092,,False,False,False,False,False,4.575,606.1999999999999,3.0928571428571425,45.46448087431694
PAL0910,110,Gentoo penguin (Pygoscelis papua),Anvers,Biscoe,"Adult, 1 Egg Stage",N29A2,Yes,2009-11-09,48.1,15.1,209.0,5500.0,Male,8.45738,-26.22664,,False,False,False,False,False,5.5,726.3100000000001,3.185430463576159,38.0
PAL0910,111,Gentoo penguin (Pygoscelis papua),Anvers,Biscoe,"Adult, 1 Egg Stage",N32A1,Yes,2009-11-20,50.5,15.2,216.0,5000.0,Female,8.24691,-26.18466,,False,False,False,False,False,5.0,767.5999999999999,3.322368421052632,43.2
PAL0910,112,Gentoo penguin (Pygoscelis papua),Anvers,Biscoe,"Adult, 1 Egg Stage",N32A2,Yes,2009-11-20,49.8,15.9,229.0,5950.0,Male,8.29226,-26.21019,,False,False,False,False,False,5.95,791.8199999999999,3.132075471698113,38.48739495798319
PAL0910,113,Gentoo penguin (Pygoscelis papua),Anvers,Biscoe,"Adult, 1 Egg Stage",N34A1,Yes,2009-11-27,43.5,15.2,213.0,4650.0,Female,8.21634,-26.11046,,False,False,False,False,False,4.65,661.1999999999999,2.861842105263158,45.806451612903224
PAL0910,114,Gentoo penguin (Pygoscelis papua),Anvers,Biscoe,"Adult, 1 Egg Stage",N34A2,Yes,2009-11-27,51.5,16.3,230.0,5500.0,Male,8.78557,-25.76147,,False,False,False,False,False,5.5,839.45,3.1595092024539877,41.81818181818182
PAL0910,115,Gentoo penguin (Pygoscelis papua),Anvers,Biscoe,"Adult, 1 Egg Stage",N35A1,Yes,2009-11-25,46.2,14.1,217.0,4375.0,Female,8.30231,-25.96013,,False,False,False,False,False,4.375,651.4200000000001,3.276595744680851,49.6
PAL0910,116,Gentoo penguin (Pygoscelis papua),Anvers,Biscoe,"Adult, 1 Egg Stage",N35A2,Yes,2009-11-25,55.1,16.0,230.0,5850.0,Male,8.08354,-26.18161,,False,False,False,False,False,5.85,881.6,3.44375,39.31623931623932
PAL0910,117,Gentoo penguin (Pygoscelis papua),Anvers,Biscoe,"Adult, 1 Egg Stage",N36A1,Yes,2009-12-01,44.5,15.7,217.0,4875.0,Unknown,8.04111,-26.18444,Sexing primers did not amplify.,False,False,False,False,False,4.875,698.65,2.8343949044585988,44.51282051282051
PAL0910,118,Gentoo penguin (Pygoscelis papua),Anvers,Biscoe,"Adult, 1 Egg Stage",N36A2,Yes,2009-12-01,48.8,16.2,222.0,6000.0,Male,8.33825,-25.88547,,False,False,False,False,False,6.0,790.56,3.0123456790123457,37.0
PAL0910,119,Gentoo penguin (Pygoscelis papua),Anvers,Biscoe,"Adult, 1 Egg Stage",N38A1,No,2009-12-01,47.2,13.7,214.0,4925.0,Female,7.99184,-26.20538,Nest never observed with full clutch.,False,False,False,False,False,4.925,646.64,3.445255474452555,43.45177664974619
PAL0910,120,Gentoo penguin (Pygoscelis papua),Anvers,Biscoe,"Adult, 1 Egg Stage",N38A2,No,2009-12-01,44.45,17.3,197.0,4050.0,Unknown,,,Adult not sampled. Nest never observed with full clutch.,False,False,False,False,False,4.05,768.9850000000001,2.569364161849711,48.641975308641975
PAL0910,121,Gentoo penguin (Pygoscelis papua),Anvers,Biscoe,"Adult, 1 Egg Stage",N39A1,Yes,2009-11-22,46.8,14.3,215.0,4850.0,Female,8.41151,-26.13832,,False,False,False,False,False,4.85,669.24,3.2727272727272725,44.3298969072165
PAL0910,122,Gentoo penguin (Pygoscelis papua),Anvers,Biscoe,"Adult, 1 Egg Stage",N39A2,Yes,2009-11-22,50.4,15.7,222.0,5750.0,Male,8.30166,-26.04117,,False,False,False,False,False,5.75,791.28,3.210191082802548,38.608695652173914
PAL0910,123,Gentoo penguin (Pygoscelis papua),Anvers,Biscoe,"Adult, 1 Egg Stage",N43A1,Yes,2009-11-22,45.2,14.8,212.0,5200.0,Female,8.24246,-26.11969,,False,False,False,False,False,5.2,668.96,3.054054054054054,40.76923076923077
PAL0910,124,Gentoo penguin (Pygoscelis papua),Anvers,Biscoe,"Adult, 1 Egg Stage",N43A2,Yes,2009-11-22,49.9,16.1,213.0,5400.0,Male,8.3639,-26.15531,,False,False,False,False,False,5.4,803.3900000000001,3.0993788819875774,39.44444444444444
PAL0708,1,Chinstrap penguin (Pygoscelis antarctica),Anvers,Dream,"Adult, 1 Egg Stage",N61A1,No,2007-11-19,46.5,17.9,192.0,3500.0,Female,9.03935,-24.30229,Nest never observed with full clutch.,False,False,False,False,False,3.5,832.3499999999999,2.597765363128492,54.857142857142854
PAL0708,2,Chinstrap penguin (Pygoscelis antarctica),Anvers,Dream,"Adult, 1 Egg Stage",N61A2,No,2007-11-19,50.0,19.5,196.0,3900.0,Male,8.92069,-24.23592,Nest never observed with full clutch.,False,False,False,False,False,3.9,975.0,2.5641025641025643,50.256410256410255
PAL0708,3,Chinstrap penguin (Pygoscelis antarctica),Anvers,Dream,"Adult, 1 Egg Stage",N62A1,Yes,2007-11-26,51.3,19.2,193.0,3650.0,Male,9.29078,-24.7557,,False,False,False,False,False,3.65,984.9599999999999,2.671875,52.87671232876713
PAL0708,4,Chinstrap penguin (Pygoscelis antarctica),Anvers,Dream,"Adult, 1 Egg Stage",N62A2,Yes,2007-11-26,45.4,18.7,188.0,3525.0,Female,8.64701,-24.62717,,False,False,False,False,False,3.525,848.9799999999999,2.427807486631016,53.333333333333336
PAL0708,5,Chinstrap penguin (Pygoscelis antarctica),Anvers,Dream,"Adult, 1 Egg Stage",N64A1,Yes,2007-11-21,52.7,19.8,197.0,3725.0,Male,9.00642,-24.61867,,False,False,False,False,False,3.725,1043.46,2.6616161616161618,52.88590604026845
PAL0708,6,Chinstrap penguin (Pygoscelis antarctica),Anvers,Dream,"Adult, 1 Egg Stage",N64A2,Yes,2007-11-21,45.2,17.8,198.0,3950.0,Female,8.88942,-24.49433,,False,False,False,False,False,3.95,804.5600000000001,2.539325842696629,50.12658227848101
PAL0708,7,Chinstrap penguin (Pygoscelis antarctica),Anvers,Dream,"Adult, 1 Egg Stage",N66A1,Yes,2007-11-28,46.1,18.2,178.0,3250.0,Female,8.85664,-24.55644,,False,False,False,False,False,3.25,839.02,2.5329670329670333,54.76923076923077
PAL0708,8,Chinstrap penguin (Pygoscelis antarctica),Anvers,Dream,"Adult, 1 Egg Stage",N66A2,Yes,2007-11-28,51.3,18.2,197.0,3750.0,Male,8.63701,-24.84059,,False,False,False,False,False,3.75,933.66,2.8186813186813184,52.53333333333333
PAL0708,9,Chinstrap penguin (Pygoscelis antarctica),Anvers,Dream,"Adult, 1 Egg Stage",N67A1,Yes,2007-11-21,46.0,18.9,195.0,4150.0,Female,8.47173,-24.29229,,False,False,False,False,False,4.15,869.4,2.433862433862434,46.98795180722891
PAL0708,10,Chinstrap penguin (Pygoscelis antarctica),Anvers,Dream,"Adult, 1 Egg Stage",N67A2,Yes,2007-11-21,51.3,19.9,198.0,3700.0,Male,8.79581,-24.36088,,False,False,False,False,False,3.7,1020.8699999999999,2.577889447236181,53.51351351351351
PAL0708,11,Chinstrap penguin (Pygoscelis antarctica),Anvers,Dream,"Adult, 1 Egg Stage",N68A1,Yes,2007-11-28,46.6,17.8,193.0,3800.0,Female,8.95063,-24.59897,,False,False,False,False,False,3.8,829.48,2.6179775280898876,50.78947368421053
PAL0708,12,Chinstrap penguin (Pygoscelis antarctica),Anvers,Dream,"Adult, 1 Egg Stage",N68A2,Yes,2007-11-28,51.7,20.3,194.0,3775.0,Male,8.68747,-24.38751,,False,False,False,False,False,3.775,1049.51,2.5467980295566504,51.390728476821195
PAL0708,13,Chinstrap penguin (Pygoscelis antarctica),Anvers,Dream,"Adult, 1 Egg Stage",N69A1,Yes,2007-11-26,47.0,17.3,185.0,3700.0,Female,8.72037,-24.80526,,False,False,False,False,False,3.7,813.1,2.7167630057803467,50.0
PAL0708,14,Chinstrap penguin (Pygoscelis antarctica),Anvers,Dream,"Adult, 1 Egg Stage",N69A2,Yes,2007-11-26,52.0,18.1,201.0,4050.0,Male,9.0233,-24.38933,,False,False,False,False,False,4.05,941.2,2.87292817679558,49.62962962962963
PAL0708,15,Chinstrap penguin (Pygoscelis antarctica),Anvers,Dream,"Adult, 1 Egg Stage",N70A1,Yes,2007-11-22,45.9,17.1,190.0,3575.0,Female,9.12277,-24.90024,,False,False,False,False,False,3.575,784.89,2.6842105263157894,53.14685314685315
PAL0708,16,Chinstrap penguin (Pygoscelis antarctica),Anvers,Dream,"Adult, 1 Egg Stage",N70A2,Yes,2007-11-22,50.5,19.6,201.0,4050.0,Male,9.8059,-24.7294,,False,False,False,False,False,4.05,989.8000000000001,2.576530612244898,49.62962962962963
PAL0708,17,Chinstrap penguin (Pygoscelis antarctica),Anvers,Dream,"Adult, 1 Egg Stage",N71A1,No,2007-11-30,50.3,20.0,197.0,3300.0,Male,10.02019,-24.54704,Nest never observed with full clutch.,False,False,False,False,False,3.3,1006.0,2.5149999999999997,59.6969696969697
PAL0708,18,Chinstrap penguin (Pygoscelis antarctica),Anvers,Dream,"Adult, 1 Egg Stage",N71A2,No,2007-11-30,58.0,17.8,181.0,3700.0,Female,9.14382,-24.57994,Nest never observed with full clutch.,False,False,False,False,False,3.7,1032.4,3.258426966292135,48.91891891891892
PAL0708,19,Chinstrap penguin (Pygoscelis antarctica),Anvers,Dream,"Adult, 1 Egg Stage",N72A1,Yes,2007-11-30,46.4,18.6,190.0,3450.0,Female,9.32105,-24.64162,,False,False,False,False,False,3.45,863.0400000000001,2.494623655913978,55.07246376811594
PAL0708,20,Chinstrap penguin (Pygoscelis antarctica),Anvers,Dream,"Adult, 1 Egg Stage",N72A2,Yes,2007-11-30,49.2,18.2,195.0,4400.0,Male,9.27158,-24.64335,,False,False,False,False,False,4.4,895.44,2.7032967032967035,44.31818181818181
PAL0708,21,Chinstrap penguin (Pygoscelis antarctica),Anvers,Dream,"Adult, 1 Egg Stage",N73A1,Yes,2007-12-03,42.4,17.3,181.0,3600.0,Female,9.35138,-24.6879,,False,False,False,False,False,3.6,733.52,2.450867052023121,50.27777777777778
PAL0708,22,Chinstrap penguin (Pygoscelis antarctica),Anvers,Dream,"Adult, 1 Egg Stage",N73A2,Yes,2007-12-03,48.5,17.5,191.0,3400.0,Male,9.42666,-24.26375,,False,False,False,False,False,3.4,848.75,2.7714285714285714,56.1764705882353
PAL0708,23,Chinstrap penguin (Pygoscelis antarctica),Anvers,Dream,"Adult, 1 Egg Stage",N85A1,No,2007-11-28,43.2,16.6,187.0,2900.0,Female,9.35416,-25.01185,Nest never observed with full clutch.,False,False,False,False,False,2.9,717.1200000000001,2.602409638554217,64.48275862068965
PAL0708,24,Chinstrap penguin (Pygoscelis antarctica),Anvers,Dream,"Adult, 1 Egg Stage",N85A2,No,2007-11-28,50.6,19.4,193.0,3800.0,Male,9.28153,-24.97134,Nest never observed with full clutch.,False,False,False,False,False,3.8,981.64,2.6082474226804124,50.78947368421053
PAL0708,25,Chinstrap penguin (Pygoscelis antarctica),Anvers,Dream,"Adult, 1 Egg Stage",N89A1,No,2007-11-28,46.7,17.9,195.0,3300.0,Female,9.74144,-24.59467,Nest never observed with full clutch.,False,False,False,False,False,3.3,835.93,2.608938547486034,59.09090909090909
PAL0708,26,Chinstrap penguin (Pygoscelis antarctica),Anvers,Dream,"Adult, 1 Egg Stage",N89A2,No,2007-11-28,52.0,19.0,197.0,4150.0,Male,9.36799,-24.47142,Nest never observed with full clutch.,False,False,False,False,False,4.15,988.0,2.736842105263158,47.46987951807228
PAL0809,27,Chinstrap penguin (Pygoscelis antarctica),Anvers,Dream,"Adult, 1 Egg Stage",N61A1,No,2008-11-25,50.5,18.4,200.0,3400.0,Female,8.9399,-23.89017,Nest never observed with full clutch.,False,False,False,False,False,3.4,929.1999999999999,2.7445652173913047,58.82352941176471
PAL0809,28,Chinstrap penguin (Pygoscelis antarctica),Anvers,Dream,"Adult, 1 Egg Stage",N61A2,No,2008-11-25,49.5,19.0,200.0,3800.0,Male,9.63074,-24.34684,Nest never observed with full clutch.,False,False,False,False,False,3.8,940.5,2.6052631578947367,52.631578947368425
PAL0809,29,Chinstrap penguin (Pygoscelis antarctica),Anvers,Dream,"Adult, 1 Egg Stage",N62A1,Yes,2008-11-14,46.4,17.8,191.0,3700.0,Female,9.37369,-24.52896,,False,False,False,False,False,3.7,825.92,2.6067415730337076,51.62162162162162
PAL0809,30,Chinstrap penguin (Pygoscelis antarctica),Anvers,Dream,"Adult, 1 Egg Stage",N62A2,Yes,2008-11-14,52.8,20.0,205.0,4550.0,Male,9.25177,-24.69638,,False,False,False,False,False,4.55,1056.0,2.6399999999999997,45.05494505494506
PAL0809,31,Chinstrap penguin (Pygoscelis antarctica),Anvers,Dream,"Adult, 1 Egg Stage",N63A1,Yes,2008-11-24,40.9,16.6,187.0,3200.0,Female,9.08458,-24.54903,,False,False,False,False,False,3.2,678.94,2.4638554216867465,58.4375
PAL0809,32,Chinstrap penguin (Pygoscelis antarctica),Anvers,Dream,"Adult, 1 Egg Stage",N63A2,Yes,2008-11-24,54.2,20.8,201.0,4300.0,Male,9.49283,-24.59996,,False,False,False,False,False,4.3,1127.3600000000001,2.605769230769231,46.74418604651163
PAL0809,33,Chinstrap penguin (Pygoscelis antarctica),Anvers,Dream,"Adult, 1 Egg Stage",N65A1,Yes,2008-11-24,42.5,16.7,187.0,3350.0,Female,9.36668,-24.45195,,False,False,False,False,False,3.35,709.75,2.5449101796407185,55.82089552238806
PAL0809,34,Chinstrap penguin (Pygoscelis antarctica),Anvers,Dream,"Adult, 1 Egg Stage",N65A2,Yes,2008-11-24,51.0,18.8,203.0,4100.0,Male,9.23196,-24.17282,,False,False,False,False,False,4.1,958.8000000000001,2.7127659574468086,49.51219512195122
PAL0809,35,Chinstrap penguin (Pygoscelis antarctica),Anvers,Dream,"Adult, 1 Egg Stage",N67A1,Yes,2008-11-25,49.7,18.6,195.0,3600.0,Male,9.75486,-24.31198,,False,False,False,False,False,3.6,924.4200000000001,2.672043010752688,54.166666666666664
PAL0809,36,Chinstrap penguin (Pygoscelis antarctica),Anvers,Dream,"Adult, 1 Egg Stage",N67A2,Yes,2008-11-25,47.5,16.8,199.0,3900.0,Female,9.07825,-25.1455,,False,False,False,False,False,3.9,798.0,2.827380952380952,51.02564102564103
PAL0809,37,Chinstrap penguin (Pygoscelis antarctica),Anvers,Dream,"Adult, 1 Egg Stage",N69A1,Yes,2008-11-14,47.6,18.3,195.0,3850.0,Female,8.83502,-24.65859,,False,False,False,False,False,3.85,871.08,2.601092896174863,50.64935064935065
PAL0809,38,Chinstrap penguin (Pygoscelis antarctica),Anvers,Dream,"Adult, 1 Egg Stage",N69A2,Yes,2008-11-14,52.0,20.7,210.0,4800.0,Male,9.43146,-24.6844,,False,False,False,False,False,4.8,1076.3999999999999,2.5120772946859904,43.75
PAL0809,39,Chinstrap penguin (Pygoscelis antarctica),Anvers,Dream,"Adult, 1 Egg Stage",N72A1,No,2008-11-24,46.9,16.6,192.0,2700.0,Female,9.80589,-24.73735,Nest never observed with full clutch.,False,False,False,False,False,2.7,778.5400000000001,2.8253012048192767,71.1111111111111
PAL0809,40,Chinstrap penguin (Pygoscelis antarctica),Anvers,Dream,"Adult, 1 Egg Stage",N72A2,No,2008-11-24,53.5,19.9,205.0,4500.0,Male,10.02544,-24.90816,Nest never observed with full clutch.,False,False,False,False,False,4.5,1064.6499999999999,2.6884422110552766,45.55555555555556
PAL0809,41,Chinstrap penguin (Pygoscelis antarctica),Anvers,Dream,"Adult, 1 Egg Stage",N74A1,Yes,2008-11-24,49.0,19.5,210.0,3950.0,Male,9.53262,-24.66867,,False,False,False,False,False,3.95,955.5,2.5128205128205128,53.164556962025316
PAL0809,42,Chinstrap penguin (Pygoscelis antarctica),Anvers,Dream,"Adult, 1 Egg Stage",N74A2,Yes,2008-11-24,46.2,17.5,187.0,3650.0,Female,9.61734,-24.66188,,False,False,False,False,False,3.65,808.5,2.64,51.23287671232877
PAL0809,43,Chinstrap penguin (Pygoscelis antarctica),Anvers,Dream,"Adult, 1 Egg Stage",N75A1,Yes,2008-11-14,50.9,19.1,196.0,3550.0,Male,10.02372,-24.86594,,False,False,False,False,False,3.55,972.19,2.664921465968586,55.21126760563381
PAL0809,44,Chinstrap penguin (Pygoscelis antarctica),Anvers,Dream,"Adult, 1 Egg Stage",N75A2,Yes,2008-11-14,45.5,17.0,196.0,3500.0,Female,9.36493,-24.66259,,False,False,False,False,False,3.5,773.5,2.676470588235294,56.0
PAL0910,45,Chinstrap penguin (Pygoscelis antarctica),Anvers,Dream,"Adult, 1 Egg Stage",N86A1,Yes,2009-11-17,50.9,17.9,196.0,3675.0,Female,9.43684,-24.16566,,False,False,False,False,False,3.675,911.1099999999999,2.8435754189944134,53.333333333333336
PAL0910,46,Chinstrap penguin (Pygoscelis antarctica),Anvers,Dream,"Adult, 1 Egg Stage",N86A2,Yes,2009-11-17,50.8,18.5,201.0,4450.0,Male,9.45827,-24.35575,,False,False,False,False,False,4.45,939.8,2.745945945945946,45.168539325842694
PAL0910,47,Chinstrap penguin (Pygoscelis antarctica),Anvers,Dream,"Adult, 1 Egg Stage",N87A1,Yes,2009-11-27,50.1,17.9,190.0,3400.0,Female,9.46819,-24.45721,,False,False,False,False,False,3.4,896.79,2.7988826815642462,55.88235294117647
PAL0910,48,Chinstrap penguin (Pygoscelis antarctica),Anvers,Dream,"Adult, 1 Egg Stage",N87A2,Yes,2009-11-27,49.0,19.6,212.0,4300.0,Male,9.34089,-24.45189,,False,False,False,False,False,4.3,960.4000000000001,2.5,49.30232558139535
PAL0910,49,Chinstrap penguin (Pygoscelis antarctica),Anvers,Dream,"Adult, 1 Egg Stage",N88A1,Yes,2009-11-23,51.5,18.7,187.0,3250.0,Male,9.6895,-24.43062,,False,False,False,False,False,3.25,963.05,2.7540106951871657,57.53846153846154
PAL0910,50,Chinstrap penguin (Pygoscelis antarctica),Anvers,Dream,"Adult, 1 Egg Stage",N88A2,Yes,2009-11-23,49.8,17.3,198.0,3675.0,Female,9.32169,-24.41562,,False,False,False,False,False,3.675,861.54,2.8786127167630053,53.87755102040816
PAL0910,51,Chinstrap penguin (Pygoscelis antarctica),Anvers,Dream,"Adult, 1 Egg Stage",N90A1,Yes,2009-11-21,48.1,16.4,199.0,3325.0,Female,9.46929,-24.48403,,False,False,False,False,False,3.325,788.8399999999999,2.932926829268293,59.849624060150376
PAL0910,52,Chinstrap penguin (Pygoscelis antarctica),Anvers,Dream,"Adult, 1 Egg Stage",N90A2,Yes,2009-11-21,51.4,19.0,201.0,3950.0,Male,9.43782,-24.36202,,False,False,False,False,False,3.95,976.6,2.705263157894737,50.88607594936709
PAL0910,53,Chinstrap penguin (Pygoscelis antarctica),Anvers,Dream,"Adult, 1 Egg Stage",N92A1,Yes,2009-11-23,45.7,17.3,193.0,3600.0,Female,9.415,-24.805,,False,False,False,False,False,3.6,790.6100000000001,2.6416184971098264,53.61111111111111
PAL0910,54,Chinstrap penguin (Pygoscelis antarctica),Anvers,Dream,"Adult, 1 Egg Stage",N92A2,Yes,2009-11-23,50.7,19.7,203.0,4050.0,Male,9.93727,-24.59066,,False,False,False,False,False,4.05,998.79,2.5736040609137056,50.123456790123456
PAL0910,55,Chinstrap penguin (Pygoscelis antarctica),Anvers,Dream,"Adult, 1 Egg Stage",N93A1,Yes,2009-11-27,42.5,17.3,187.0,3350.0,Female,9.56534,-24.60882,,False,False,False,False,False,3.35,735.25,2.4566473988439306,55.82089552238806
PAL0910,56,Chinstrap penguin (Pygoscelis antarctica),Anvers,Dream,"Adult, 1 Egg Stage",N93A2,Yes,2009-11-27,52.2,18.8,197.0,3450.0,Male,9.77528,-24.56481,,False,False,False,False,False,3.45,981.3600000000001,2.776595744680851,57.10144927536231
PAL0910,57,Chinstrap penguin (Pygoscelis antarctica),Anvers,Dream,"Adult, 1 Egg Stage",N94A1,Yes,2009-11-21,45.2,16.6,191.0,3250.0,Female,9.62357,-24.78984,,False,False,False,False,False,3.25,750.3200000000002,2.7228915662650603,58.76923076923077
PAL0910,58,Chinstrap penguin (Pygoscelis antarctica),Anvers,Dream,"Adult, 1 Egg Stage",N94A2,Yes,2009-11-21,49.3,19.9,203.0,4050.0,Male,9.88809,-24.59513,,False,False,False,False,False,4.05,981.0699999999998,2.477386934673367,50.123456790123456
PAL0910,59,Chinstrap penguin (Pygoscelis antarctica),Anvers,Dream,"Adult, 1 Egg Stage",N95A1,Yes,2009-11-21,50.2,18.8,202.0,3800.0,Male,9.74492,-24.404,,False,False,False,False,False,3.8,943.7600000000001,2.670212765957447,53.15789473684211
PAL0910,60,Chinstrap penguin (Pygoscelis antarctica),Anvers,Dream,"Adult, 1 Egg Stage",N95A2,Yes,2009-11-21,45.6,19.4,194.0,3525.0,Female,9.46985,-24.65786,,False,False,False,False,False,3.525,884.64,2.350515463917526,55.0354609929078
PAL0910,61,Chinstrap penguin (Pygoscelis antarctica),Anvers,Dream,"Adult, 1 Egg Stage",N96A1,Yes,2009-11-27,51.9,19.5,206.0,3950.0,Male,,-23.78767,No delta15N data received from lab.,False,False,False,False,False,3.95,1012.05,2.6615384615384614,52.151898734177216
PAL0910,62,Chinstrap penguin (Pygoscelis antarctica),Anvers,Dream,"Adult, 1 Egg Stage",N96A2,Yes,2009-11-27,46.8,16.5,189.0,3650.0,Female,9.65061,-24.48153,,False,False,False,False,False,3.65,772.1999999999999,2.836363636363636,51.78082191780822
PAL0910,63,Chinstrap penguin (Pygoscelis antarctica),Anvers,Dream,"Adult, 1 Egg Stage",N98A1,Yes,2009-11-19,45.7,17.0,195.0,3650.0,Female,9.26715,-24.31912,,False,False,False,False,False,3.65,776.9000000000001,2.6882352941176473,53.42465753424658
PAL0910,64,Chinstrap penguin (Pygoscelis antarctica),Anvers,Dream,"Adult, 1 Egg Stage",N98A2,Yes,2009-11-19,55.8,19.8,207.0,4000.0,Male,9.70465,-24.53494,,False,False,False,False,False,4.0,1104.84,2.818181818181818,51.75
PAL0910,65,Chinstrap penguin (Pygoscelis antarctica),Anvers,Dream,"Adult, 1 Egg Stage",N99A1,No,2009-11-21,43.5,18.1,202.0,3400.0,Female,9.37608,-24.40753,Nest never observed with full clutch.,False,False,False,False,False,3.4,787.35,2.4033149171270716,59.411764705882355
PAL0910,66,Chinstrap penguin (Pygoscelis antarctica),Anvers,Dream,"Adult, 1 Egg Stage",N99A2,No,2009-11-21,49.6,18.2,193.0,3775.0,Male,9.4618,-24.70615,Nest never observed with full clutch.,False,False,False,False,False,3.775,902.72,2.7252747252747254,51.12582781456954
PAL0910,67,Chinstrap penguin (Pygoscelis antarctica),Anvers,Dream,"Adult, 1 Egg Stage",N100A1,Yes,2009-11-21,50.8,19.0,210.0,4100.0,Male,9.98044,-24.68741,,False,False,False,False,False,4.1,965.1999999999999,2.6736842105263157,51.21951219512196
PAL0910,68,Chinstrap penguin (Pygoscelis antarctica),Anvers,Dream,"Adult, 1 Egg Stage",N100A2,Yes,2009-11-21,50.2,18.7,198.0,3775.0,Female,9.39305,-24.25255,,False,False,False,False,False,3.775,938.74,2.6844919786096257,52.450331125827816
