,species,island,bill_length_mm,bill_depth_mm,flipper_length_mm,body_mass_g,sex,bill_length_mm_outlier,bill_depth_mm_outlier,flipper_length_mm_outlier,body_mass_g_outlier,is_any_outlier,body_mass_kg,bill_area_mm2,bill_ratio,flipper_mass_ratio,cluster,PC1,PC2
0,Adelie,Torgersen,39.1,18.7,181.0,3750.0,Male,False,False,False,False,False,3.75,731.17,2.0909090909090917,48.266666666666666,0,-1.8471173001245944,0.04707494043238536
1,Adelie,Torgersen,39.5,17.4,186.0,3800.0,Female,False,False,False,False,False,3.8,687.3,2.270114942528736,48.94736842105264,0,-1.3088939062036555,-0.4302608294239357
2,Adelie,Torgersen,40.3,18.0,195.0,3250.0,Female,False,False,False,False,False,3.25,725.4,2.238888888888889,60.0,0,-1.3715864050611533,-0.1556113590346707
3,Adelie,Torgersen,44.45,17.3,197.0,4050.0,Unknown,False,False,False,False,False,4.05,768.9850000000001,2.569364161849711,48.641975308641975,2,-0.24989227365136316,0.10117478030067084
4,Adelie,Torgersen,36.7,19.3,193.0,3450.0,Female,False,False,False,False,False,3.45,708.3100000000001,1.9015544041450776,55.94202898550724,0,-1.8826691071259767,-0.003027145891259661
5,Adelie,Torgersen,39.3,20.6,190.0,3650.0,Male,False,False,False,False,False,3.65,809.58,1.907766990291262,52.05479452054794,0,-1.9157404508719837,0.8306404828665424
6,Adelie,Torgersen,38.9,17.8,181.0,3625.0,Female,False,False,False,False,False,3.625,692.42,2.185393258426966,49.93103448275862,0,-1.7664364987300867,-0.3531798176408791
7,Adelie,Torgersen,39.2,19.6,195.0,4675.0,Male,False,False,False,False,False,4.675,768.3200000000002,2.0,41.711229946524064,0,-0.8109039761016991,0.5229698272229365
8,Adelie,Torgersen,34.1,18.1,193.0,3475.0,Unknown,False,False,False,False,False,3.475,617.21,1.8839779005524864,55.53956834532374,0,-1.8388472373518803,-0.772850866324846
9,Adelie,Torgersen,42.0,20.2,190.0,4250.0,Unknown,False,False,False,False,False,4.25,848.4,2.0792079207920797,44.70588235294117,2,-1.1961650042038035,1.0283773792791433
10,Adelie,Torgersen,37.8,17.1,186.0,3300.0,Unknown,False,False,False,False,False,3.3,646.38,2.210526315789473,56.36363636363637,0,-1.7335193373516844,-0.7915212942238459
11,Adelie,Torgersen,37.8,17.3,180.0,3700.0,Unknown,False,False,False,False,False,3.7,653.9399999999999,2.184971098265896,48.648648648648646,0,-1.746355184802102,-0.6691108375197492
12,Adelie,Torgersen,41.1,17.6,182.0,3200.0,Female,False,False,False,False,False,3.2,723.3600000000001,2.3352272727272725,56.875,0,-1.7922265792604253,-0.23728086610021734
13,Adelie,Torgersen,38.6,21.2,191.0,3800.0,Male,False,False,False,False,False,3.8,818.32,1.820754716981132,50.26315789473684,0,-1.9523886563324286,1.013105408308555
14,Adelie,Torgersen,34.6,21.1,198.0,4400.0,Male,False,False,False,False,False,4.4,730.0600000000001,1.6398104265402844,44.99999999999999,0,-1.5669765789058006,0.5974541026146994
15,Adelie,Torgersen,36.6,17.8,185.0,3700.0,Female,False,False,False,False,False,3.7,651.48,2.056179775280899,50.0,0,-1.742981059447377,-0.5973560418576997
16,Adelie,Torgersen,38.7,19.0,195.0,3450.0,Female,False,False,False,False,False,3.45,735.3000000000001,2.0368421052631582,56.52173913043478,0,-1.5718447965079174,0.09534522476873548
17,Adelie,Torgersen,42.5,20.7,197.0,4500.0,Male,False,False,False,False,False,4.5,879.75,2.0531400966183577,43.77777777777778,2,-0.7964919033535909,1.313623419717273
18,Adelie,Torgersen,34.4,18.4,184.0,3325.0,Female,False,False,False,False,False,3.325,632.9599999999999,1.8695652173913044,55.338345864661655,0,-2.3480345608158406,-0.6354323617893906
19,Adelie,Torgersen,46.0,21.5,194.0,4200.0,Male,False,False,False,False,False,4.2,989.0,2.13953488372093,46.19047619047619,2,-0.9957559339921217,1.9905816165668075
20,Adelie,Biscoe,37.8,18.3,174.0,3400.0,Female,False,False,False,False,False,3.4,691.74,2.065573770491803,51.1764705882353,0,-2.4028140049313547,-0.2960626385996951
21,Adelie,Biscoe,37.7,18.7,180.0,3600.0,Male,False,False,False,False,False,3.6,704.99,2.016042780748663,50.0,0,-2.1084884615284794,-0.12274192944241451
22,Adelie,Biscoe,35.9,19.2,189.0,3800.0,Female,False,False,False,False,False,3.8,689.28,1.8697916666666667,49.73684210526316,0,-1.8534703196975841,-0.09517838581851952
23,Adelie,Biscoe,38.2,18.1,185.0,3950.0,Male,False,False,False,False,False,3.95,691.4200000000001,2.110497237569061,46.83544303797469,0,-1.498413439269221,-0.2734701163275665
24,Adelie,Biscoe,38.8,17.2,180.0,3800.0,Male,False,False,False,False,False,3.8,667.3599999999999,2.255813953488372,47.36842105263158,0,-1.573584953971794,-0.5892438198295833
25,Adelie,Biscoe,35.3,18.9,187.0,3800.0,Female,False,False,False,False,False,3.8,667.1699999999998,1.867724867724868,49.21052631578947,0,-1.9248884575094745,-0.28311298888248276
26,Adelie,Biscoe,40.6,18.6,183.0,3550.0,Male,False,False,False,False,False,3.55,755.1600000000001,2.182795698924731,51.54929577464789,0,-1.7562337496139457,0.15052936893366511
27,Adelie,Biscoe,40.5,17.9,187.0,3200.0,Female,False,False,False,False,False,3.2,724.9499999999999,2.2625698324022347,58.4375,0,-1.6978859783878033,-0.1807298285086817
28,Adelie,Biscoe,37.9,18.6,172.0,3150.0,Female,False,False,False,False,False,3.15,704.94,2.0376344086021505,54.60317460317461,0,-2.709483230907918,-0.19007927847109776
29,Adelie,Biscoe,40.5,18.9,180.0,3950.0,Male,False,False,False,False,False,3.95,765.4499999999999,2.1428571428571432,45.56962025316456,0,-1.6744039836462554,0.30298649287409957
30,Adelie,Dream,39.5,16.7,178.0,3250.0,Female,False,False,False,False,False,3.25,659.65,2.3652694610778444,54.76923076923077,0,-1.8731293167802074,-0.7735189635149787
31,Adelie,Dream,37.2,18.1,178.0,3900.0,Male,False,False,False,False,False,3.9,673.32,2.0552486187845305,45.64102564102564,0,-1.9044219965189784,-0.389719926331002
32,Adelie,Dream,39.5,17.8,188.0,3300.0,Female,False,False,False,False,False,3.3,703.1,2.2191011235955056,56.969696969696976,0,-1.6514479415273384,-0.32046116541238034
33,Adelie,Dream,40.9,18.9,184.0,3900.0,Male,False,False,False,False,False,3.9,773.0099999999999,2.164021164021164,47.17948717948718,0,-1.5107113303342725,0.3422858365953527
34,Adelie,Dream,36.4,17.0,195.0,3325.0,Female,False,False,False,False,False,3.325,618.8,2.1411764705882352,58.64661654135338,0,-1.4430073053565173,-0.9818681382901653
35,Adelie,Dream,39.2,21.1,196.0,4150.0,Male,False,False,False,False,False,4.15,827.1200000000001,1.8578199052132705,47.2289156626506,0,-1.4357568078778258,1.0761904493694077
36,Adelie,Dream,38.8,20.0,190.0,3950.0,Male,False,False,False,False,False,3.95,776.0,1.94,48.10126582278481,0,-1.6294058363269515,0.5639753587145316
37,Adelie,Dream,42.2,18.5,180.0,3550.0,Female,False,False,False,False,False,3.55,780.7,2.2810810810810813,50.70422535211268,0,-1.7252996614788474,0.2852987949189422
38,Adelie,Dream,37.6,19.3,181.0,3300.0,Female,False,False,False,False,False,3.3,725.6800000000001,1.9481865284974091,54.84848484848485,0,-2.403928881927029,0.07815319378923853
39,Adelie,Dream,39.8,19.1,184.0,4650.0,Male,False,False,False,False,False,4.65,760.18,2.083769633507853,39.56989247311828,0,-1.1284908804375957,0.3817112960903387
40,Adelie,Dream,36.5,18.0,182.0,3150.0,Female,False,False,False,False,False,3.15,657.0,2.0277777777777777,57.77777777777778,0,-2.293189086656749,-0.5857338545391918
41,Adelie,Dream,40.8,18.4,195.0,3900.0,Male,False,False,False,False,False,3.9,750.7199999999999,2.217391304347826,50.0,0,-0.9647933340842013,0.13019340870052823
42,Adelie,Dream,36.0,18.5,186.0,3100.0,Female,False,False,False,False,False,3.1,666.0,1.945945945945946,60.0,0,-2.306672741518225,-0.4424986783530115
43,Adelie,Dream,44.1,19.7,196.0,4400.0,Male,False,False,False,False,False,4.4,868.77,2.238578680203046,44.54545454545454,2,-0.5686937876613943,1.0730651194342467
44,Adelie,Dream,37.0,16.9,185.0,3000.0,Female,False,False,False,False,False,3.0,625.3,2.189349112426036,61.66666666666666,0,-2.006934721757467,-0.9923740020021612
45,Adelie,Dream,39.6,18.8,190.0,4600.0,Male,False,False,False,False,False,4.6,744.48,2.106382978723404,41.30434782608696,0,-0.8716800658664425,0.23370178222078586
46,Adelie,Dream,41.1,19.0,182.0,3425.0,Male,False,False,False,False,False,3.425,780.9,2.1631578947368424,53.13868613138686,0,-1.9227966957570337,0.3543786211633962
47,Adelie,Dream,37.5,18.9,179.0,2975.0,Unknown,False,False,False,False,False,2.975,708.75,1.984126984126984,60.16806722689076,0,-2.6363070018990995,-0.12971064885193737
48,Adelie,Dream,36.0,17.9,190.0,3450.0,Female,False,False,False,False,False,3.45,644.4,2.011173184357542,55.07246376811594,0,-1.7795983612111326,-0.6483219993469929
49,Adelie,Dream,42.3,21.2,191.0,4150.0,Male,False,False,False,False,False,4.15,896.7599999999999,1.9952830188679245,46.024096385542165,2,-1.4022177626216668,1.4565932911988806
50,Adelie,Biscoe,39.6,17.7,186.0,3500.0,Female,False,False,False,False,False,3.5,700.92,2.2372881355932206,53.142857142857146,0,-1.5676318821512871,-0.3292419565030941
51,Adelie,Biscoe,40.1,18.9,188.0,4300.0,Male,False,False,False,False,False,4.3,757.89,2.121693121693122,43.72093023255814,0,-1.138466342705468,0.2972285452383202
52,Adelie,Biscoe,35.0,17.9,190.0,3450.0,Female,False,False,False,False,False,3.45,626.5,1.9553072625698324,55.07246376811594,0,-1.8633314955799363,-0.7581993948280705
53,Adelie,Biscoe,42.0,19.5,200.0,4050.0,Male,False,False,False,False,False,4.05,819.0,2.1538461538461537,49.38271604938272,2,-0.7796287724143962,0.7248766194276428
54,Adelie,Biscoe,34.5,18.1,187.0,2900.0,Female,False,False,False,False,False,2.9,624.45,1.9060773480662985,64.48275862068965,0,-2.4470327765368305,-0.790528165701992
55,Adelie,Biscoe,41.4,18.6,191.0,3700.0,Male,False,False,False,False,False,3.7,770.0400000000001,2.225806451612903,51.62162162162162,0,-1.2571639454569876,0.25551485609784197
56,Adelie,Biscoe,39.0,17.5,186.0,3550.0,Female,False,False,False,False,False,3.55,682.5,2.2285714285714286,52.3943661971831,0,-1.5428082683693567,-0.47102122920656514
57,Adelie,Biscoe,40.6,18.8,193.0,3800.0,Male,False,False,False,False,False,3.8,763.2800000000001,2.1595744680851063,50.78947368421053,0,-1.2139350992999178,0.259610727697385
58,Adelie,Biscoe,36.5,16.6,181.0,2850.0,Female,False,False,False,False,False,2.85,605.9000000000001,2.198795180722892,63.50877192982456,0,-2.2552583941878033,-1.1854658180875957
59,Adelie,Biscoe,37.6,19.1,194.0,3750.0,Male,False,False,False,False,False,3.75,718.1600000000001,1.9685863874345548,51.73333333333333,0,-1.519427219490084,0.0465529107168455
60,Adelie,Biscoe,35.7,16.9,185.0,3150.0,Female,False,False,False,False,False,3.15,603.33,2.112426035502959,58.730158730158735,0,-2.0127770979171165,-1.1193825362945593
61,Adelie,Biscoe,41.3,21.1,195.0,4400.0,Male,False,False,False,False,False,4.4,871.43,1.9573459715639807,44.31818181818181,2,-1.1293668029381116,1.3331633432330514
62,Adelie,Biscoe,37.6,17.0,185.0,3600.0,Female,False,False,False,False,False,3.6,639.2,2.211764705882353,51.388888888888886,0,-1.565015344505312,-0.8225541477019253
63,Adelie,Biscoe,41.1,18.2,192.0,4050.0,Male,False,False,False,False,False,4.05,748.02,2.258241758241758,47.40740740740741,0,-0.9193383246604454,0.09738920271382867
64,Adelie,Biscoe,36.4,17.1,184.0,2850.0,Female,False,False,False,False,False,2.85,622.44,2.1286549707602336,64.56140350877193,0,-2.2420459705629243,-0.9931587601329395
65,Adelie,Biscoe,41.6,18.0,192.0,3950.0,Male,False,False,False,False,False,3.95,748.8000000000001,2.311111111111112,48.60759493670886,0,-0.905418961592626,0.06064298520654087
66,Adelie,Biscoe,35.5,16.2,195.0,3350.0,Female,False,False,False,False,False,3.35,575.1,2.191358024691358,58.208955223880594,0,-1.3382922969486832,-1.4026398956876027
67,Adelie,Biscoe,41.1,19.1,188.0,4100.0,Male,False,False,False,False,False,4.1,785.0100000000001,2.1518324607329844,45.85365853658537,0,-1.2328074012596728,0.46712669630122117
68,Adelie,Torgersen,35.9,16.6,190.0,3050.0,Female,False,False,False,False,False,3.05,595.94,2.1626506024096384,62.29508196721312,0,-1.797944003872807,-1.228874888284304
69,Adelie,Torgersen,41.8,19.4,198.0,4450.0,Male,False,False,False,False,False,4.45,810.9199999999998,2.154639175257732,44.49438202247191,2,-0.5835850553225927,0.7042420494699417
70,Adelie,Torgersen,33.5,19.0,190.0,3600.0,Female,False,False,False,False,False,3.6,636.5,1.763157894736842,52.77777777777778,0,-2.1099167705447264,-0.4609673337413115
71,Adelie,Torgersen,39.7,18.4,190.0,3900.0,Male,False,False,False,False,False,3.9,730.48,2.1576086956521743,48.71794871794872,0,-1.26257015572871,0.008546091829898014
72,Adelie,Torgersen,39.6,17.2,196.0,3550.0,Female,False,False,False,False,False,3.55,681.12,2.302325581395349,55.21126760563381,0,-1.0201377477255023,-0.5252257212737657
73,Adelie,Torgersen,45.8,18.9,197.0,4150.0,Male,False,False,False,False,False,4.15,865.6199999999999,2.4232804232804237,47.46987951807228,2,-0.3939915024131974,0.9091055469620616
74,Adelie,Torgersen,35.5,17.5,190.0,3700.0,Female,False,False,False,False,False,3.7,621.25,2.0285714285714285,51.35135135135135,0,-1.5683272410693139,-0.839134288084178
75,Adelie,Torgersen,42.8,18.5,195.0,4250.0,Male,False,False,False,False,False,4.25,791.8,2.3135135135135134,45.88235294117647,2,-0.5773320662487129,0.4274548169526022
76,Adelie,Torgersen,40.9,16.8,191.0,3700.0,Female,False,False,False,False,False,3.7,687.12,2.4345238095238093,51.62162162162162,0,-0.9324911585718589,-0.5295955998751252
77,Adelie,Torgersen,37.2,19.4,184.0,3900.0,Male,False,False,False,False,False,3.9,721.68,1.9175257731958768,47.17948717948718,0,-1.9223404147403815,0.1385649617132628
78,Adelie,Torgersen,36.2,16.1,187.0,3550.0,Female,False,False,False,False,False,3.55,582.82,2.248447204968944,52.67605633802817,0,-1.4510408055579405,-1.3464328676994028
79,Adelie,Torgersen,42.1,19.1,195.0,4000.0,Male,False,False,False,False,False,4.0,804.1100000000001,2.2041884816753927,48.75,2,-0.9298095425297108,0.5675444264716543
80,Adelie,Torgersen,34.6,17.2,189.0,3200.0,Female,False,False,False,False,False,3.2,595.12,2.011627906976744,59.0625,0,-1.967100239490064,-1.112649272867516
81,Adelie,Torgersen,42.9,17.6,196.0,4700.0,Male,False,False,False,False,False,4.7,755.0400000000001,2.4375,41.70212765957447,2,-0.0355229054499171,0.12100935325179273
82,Adelie,Torgersen,36.7,18.8,187.0,3800.0,Female,False,False,False,False,False,3.8,689.96,1.952127659574468,49.21052631578947,0,-1.787298771944842,-0.16984973288855212
83,Adelie,Torgersen,35.1,19.4,193.0,4200.0,Male,False,False,False,False,False,4.2,680.9399999999999,1.809278350515464,45.95238095238095,0,-1.5219519269653938,-0.05910548181639359
84,Adelie,Dream,37.3,17.8,191.0,3350.0,Female,False,False,False,False,False,3.35,663.9399999999999,2.095505617977528,57.014925373134325,0,-1.6779217133288133,-0.55644476642155
85,Adelie,Dream,41.3,20.3,194.0,3550.0,Male,False,False,False,False,False,3.55,838.39,2.034482758620689,54.647887323943664,0,-1.5913217897315912,0.9187710063744475
86,Adelie,Dream,36.3,19.5,190.0,3800.0,Male,False,False,False,False,False,3.8,707.8499999999999,1.8615384615384611,50.0,0,-1.8399328835272195,0.07062430178093863
87,Adelie,Dream,36.9,18.6,189.0,3500.0,Female,False,False,False,False,False,3.5,686.34,1.9838709677419355,54.0,0,-1.8535787976785276,-0.2603557360809217
88,Adelie,Dream,38.3,19.2,189.0,3950.0,Male,False,False,False,False,False,3.95,735.3599999999999,1.9947916666666663,47.848101265822784,0,-1.5495000986926604,0.1843594431690688
89,Adelie,Dream,38.9,18.8,190.0,3600.0,Female,False,False,False,False,False,3.6,731.32,2.0691489361702127,52.77777777777778,0,-1.6170312500565727,0.0512404064973491
90,Adelie,Dream,35.7,18.0,202.0,3550.0,Female,False,False,False,False,False,3.55,642.6,1.9833333333333332,56.90140845070423,0,-1.262798902743704,-0.6282881640035985
91,Adelie,Dream,41.1,18.1,205.0,4300.0,Male,False,False,False,False,False,4.3,743.9100000000001,2.270718232044199,47.674418604651166,2,-0.19254755769820123,0.085244577543679
92,Adelie,Dream,34.0,17.1,185.0,3400.0,Female,False,False,False,False,False,3.4,581.4000000000001,1.9883040935672516,54.41176470588236,0,-2.024165523707706,-1.1986571135315611
93,Adelie,Dream,39.6,18.1,186.0,4450.0,Male,False,False,False,False,False,4.45,716.7600000000001,2.187845303867403,41.79775280898876,0,-0.9966839813191471,-0.06671172684242789
94,Adelie,Dream,36.2,17.3,187.0,3300.0,Female,False,False,False,False,False,3.3,626.2600000000001,2.092485549132948,56.66666666666667,0,-1.867084872470619,-0.8860384952661218
95,Adelie,Dream,40.8,18.9,208.0,4300.0,Male,False,False,False,False,False,4.3,771.1199999999999,2.1587301587301586,48.372093023255815,2,-0.257171653292005,0.37727144944085605
96,Adelie,Dream,38.1,18.6,190.0,3700.0,Female,False,False,False,False,False,3.7,708.6600000000001,2.048387096774193,51.35135135135135,0,-1.5746173636418044,-0.10723698535800287
97,Adelie,Dream,40.3,18.5,196.0,4350.0,Male,False,False,False,False,False,4.35,745.55,2.1783783783783783,45.05747126436782,0,-0.6768570283897601,0.16347248450686547
98,Adelie,Dream,33.1,16.1,178.0,2900.0,Female,False,False,False,False,False,2.9,532.9100000000001,2.0559006211180124,61.37931034482759,0,-2.5271998885968956,-1.7570664002816891
99,Adelie,Dream,43.2,18.5,192.0,4100.0,Male,False,False,False,False,False,4.1,799.2,2.3351351351351357,46.82926829268293,2,-0.7702517353242812,0.45510438620716415
100,Adelie,Biscoe,35.0,17.9,192.0,3725.0,Female,False,False,False,False,False,3.725,626.5,1.9553072625698324,51.54362416107382,0,-1.5922103987581153,-0.7288610423976547
101,Adelie,Biscoe,41.0,20.0,203.0,4725.0,Male,False,False,False,False,False,4.725,820.0,2.05,42.96296296296297,2,-0.3782280263823629,0.8895383806978395
102,Adelie,Biscoe,37.7,16.0,183.0,3075.0,Female,False,False,False,False,False,3.075,603.2,2.35625,59.512195121951216,0,-1.7958146509401722,-1.272942537101697
103,Adelie,Biscoe,37.8,20.0,190.0,4250.0,Male,False,False,False,False,False,4.25,756.0,1.89,44.70588235294117,0,-1.5071175736561648,0.4857621228994587
104,Adelie,Biscoe,37.9,18.6,193.0,2925.0,Female,False,False,False,False,False,2.925,704.94,2.0376344086021505,65.98290598290599,0,-2.000183708564545,-0.21054223448653017
105,Adelie,Biscoe,39.7,18.9,184.0,3550.0,Male,False,False,False,False,False,3.55,750.33,2.100529100529101,51.83098591549296,0,-1.851549388123025,0.17349144240772135
106,Adelie,Biscoe,38.6,17.2,199.0,3750.0,Female,False,False,False,False,False,3.75,663.92,2.244186046511628,53.06666666666667,0,-0.8431210597646172,-0.6135243678726395
107,Adelie,Biscoe,38.2,20.0,190.0,3900.0,Male,False,False,False,False,False,3.9,764.0,1.91,48.71794871794872,0,-1.7139826164548315,0.49277156148155166
108,Adelie,Biscoe,38.1,17.0,181.0,3175.0,Female,False,False,False,False,False,3.175,647.7,2.2411764705882358,57.00787401574804,0,-1.9795487221980568,-0.8130987549613827
109,Adelie,Biscoe,43.2,19.0,197.0,4775.0,Male,False,False,False,False,False,4.775,820.8000000000001,2.273684210526316,41.2565445026178,2,-0.2028497053879141,0.7299564156950168
110,Adelie,Biscoe,38.1,16.5,198.0,3825.0,Female,False,False,False,False,False,3.825,628.65,2.309090909090909,51.76470588235294,0,-0.7320732703187359,-0.9446591458220214
111,Adelie,Biscoe,45.6,20.3,191.0,4600.0,Male,False,False,False,False,False,4.6,925.68,2.246305418719212,41.52173913043479,2,-0.6335966466104643,1.5015990566692305
112,Adelie,Biscoe,39.7,17.7,193.0,3200.0,Female,False,False,False,False,False,3.2,702.69,2.2429378531073447,60.3125,0,-1.4773414423796416,-0.3488233220429672
113,Adelie,Biscoe,42.2,19.5,197.0,4275.0,Male,False,False,False,False,False,4.275,822.9000000000001,2.1641025641025644,46.08187134502924,2,-0.7317683220642378,0.7701309091684948
114,Adelie,Biscoe,39.6,20.7,191.0,3900.0,Female,False,False,False,False,False,3.9,819.72,1.9130434782608696,48.97435897435898,0,-1.6981652357088919,0.9307120352804041
115,Adelie,Biscoe,42.7,18.3,196.0,4075.0,Male,False,False,False,False,False,4.075,781.4100000000001,2.333333333333333,48.09815950920245,2,-0.6240238582943077,0.31702255860845635
116,Adelie,Torgersen,38.6,17.0,188.0,2900.0,Female,False,False,False,False,False,2.9,656.2,2.2705882352941176,64.82758620689656,0,-1.8385965789255907,-0.7860904823366578
117,Adelie,Torgersen,37.3,20.5,199.0,3775.0,Male,False,False,False,False,False,3.775,764.65,1.819512195121951,52.71523178807947,0,-1.6067945004849018,0.5849219214002443
118,Adelie,Torgersen,35.7,17.0,189.0,3350.0,Female,False,False,False,False,False,3.35,606.9000000000001,2.1,56.4179104477612,0,-1.7312564982679708,-1.0570822533644866
119,Adelie,Torgersen,41.1,18.6,189.0,3325.0,Male,False,False,False,False,False,3.325,764.46,2.2096774193548385,56.84210526315789,0,-1.6220787816026465,0.18265856513443493
120,Adelie,Torgersen,36.2,17.2,187.0,3150.0,Female,False,False,False,False,False,3.15,622.64,2.104651162790698,59.36507936507937,0,-1.9497322735421068,-0.942435672778704
121,Adelie,Torgersen,37.7,19.8,198.0,3500.0,Male,False,False,False,False,False,3.5,746.46,1.904040404040404,56.57142857142857,0,-1.6607451866532859,0.3157352797734944
122,Adelie,Torgersen,40.2,17.0,176.0,3450.0,Female,False,False,False,False,False,3.45,683.4000000000001,2.364705882352941,51.01449275362319,0,-1.8205265665761028,-0.5541129265987276
123,Adelie,Torgersen,41.4,18.5,202.0,3875.0,Male,False,False,False,False,False,3.875,765.9,2.2378378378378376,52.12903225806452,2,-0.6641466772901704,0.23514131827461152
124,Adelie,Torgersen,35.2,15.9,186.0,3050.0,Female,False,False,False,False,False,3.05,559.6800000000001,2.2138364779874213,60.98360655737705,0,-1.8785504148638783,-1.59037049435127
125,Adelie,Torgersen,40.6,19.0,199.0,4000.0,Male,False,False,False,False,False,4.0,771.4,2.136842105263158,49.75,0,-0.8705096475635485,0.36278898104361446
126,Adelie,Torgersen,38.8,17.6,191.0,3275.0,Female,False,False,False,False,False,3.275,682.88,2.204545454545454,58.3206106870229,0,-1.5631007661388912,-0.4806749084755932
127,Adelie,Torgersen,41.5,18.3,195.0,4300.0,Male,False,False,False,False,False,4.3,759.45,2.26775956284153,45.34883720930232,0,-0.6111216465249446,0.2087613674123773
128,Adelie,Torgersen,39.0,17.1,191.0,3050.0,Female,False,False,False,False,False,3.05,666.9000000000001,2.280701754385965,62.62295081967213,0,-1.5990536998032867,-0.6852730375267776
129,Adelie,Torgersen,44.1,18.0,210.0,4000.0,Male,False,False,False,False,False,4.0,793.8000000000001,2.45,52.5,2,0.07866411965575205,0.3434296884827728
130,Adelie,Torgersen,38.5,17.9,190.0,3325.0,Female,False,False,False,False,False,3.325,689.15,2.150837988826816,57.14285714285714,0,-1.6561077740556196,-0.38682191050513426
131,Adelie,Torgersen,43.1,19.2,197.0,3500.0,Male,False,False,False,False,False,3.5,827.52,2.244791666666667,56.285714285714285,2,-1.1275405511396677,0.6655261929255476
132,Adelie,Dream,36.8,18.5,193.0,3500.0,Female,False,False,False,False,False,3.5,680.8,1.989189189189189,55.142857142857146,0,-1.6770525145960404,-0.31128282783545325
133,Adelie,Dream,37.5,18.5,199.0,4475.0,Male,False,False,False,False,False,4.475,693.75,2.027027027027027,44.46927374301677,0,-0.702065331552619,-0.13052151387444885
134,Adelie,Dream,38.1,17.6,187.0,3425.0,Female,False,False,False,False,False,3.425,670.5600000000001,2.164772727272727,54.5985401459854,0,-1.6832395607483184,-0.542382750952501
135,Adelie,Dream,41.1,17.5,190.0,3900.0,Male,False,False,False,False,False,3.9,719.25,2.3485714285714288,48.71794871794872,0,-0.9620740905776201,-0.20271143361280694
136,Adelie,Dream,35.6,17.5,191.0,3175.0,Female,False,False,False,False,False,3.175,623.0,2.0342857142857143,60.15748031496064,0,-1.8793572976839517,-0.8834023915832891
137,Adelie,Dream,40.2,20.1,200.0,3975.0,Male,False,False,False,False,False,3.975,808.0200000000001,2.0,50.31446540880503,0,-1.104033548227984,0.7625718537226789
138,Adelie,Dream,37.0,16.5,185.0,3400.0,Female,False,False,False,False,False,3.4,610.5,2.242424242424242,54.41176470588236,0,-1.6507863359114516,-1.112415513165805
139,Adelie,Dream,39.7,17.9,193.0,4250.0,Male,False,False,False,False,False,4.25,710.63,2.217877094972067,45.41176470588236,0,-0.7969931476376898,-0.1568685678527926
140,Adelie,Dream,40.2,17.1,193.0,3400.0,Female,False,False,False,False,False,3.4,687.4200000000001,2.350877192982456,56.76470588235294,0,-1.1759474924790032,-0.5161657706025671
141,Adelie,Dream,40.6,17.2,187.0,3475.0,Male,False,False,False,False,False,3.475,698.32,2.36046511627907,53.81294964028777,0,-1.3581166355264813,-0.4246722930237911
142,Adelie,Dream,32.1,15.5,188.0,3050.0,Female,False,False,False,False,False,3.05,497.55,2.070967741935484,61.63934426229508,0,-1.9744017920784105,-2.09293793832435
143,Adelie,Dream,40.7,17.0,190.0,3725.0,Male,False,False,False,False,False,3.725,691.9000000000001,2.394117647058824,51.00671140939597,0,-1.0139300053566995,-0.4679586400083038
144,Adelie,Dream,37.3,16.8,192.0,3000.0,Female,False,False,False,False,False,3.0,626.64,2.220238095238095,64.0,0,-1.6735129606241643,-0.998880826459393
145,Adelie,Dream,39.0,18.7,185.0,3650.0,Male,False,False,False,False,False,3.65,729.3,2.085561497326203,50.68493150684932,0,-1.7596281135036118,0.02615822646876559
146,Adelie,Dream,39.2,18.6,190.0,4250.0,Male,False,False,False,False,False,4.25,729.1200000000001,2.10752688172043,44.70588235294117,0,-1.104805021263538,0.07167910905885783
147,Adelie,Dream,36.6,18.4,184.0,3475.0,Female,False,False,False,False,False,3.475,673.4399999999999,1.9891304347826089,52.94964028776978,0,-2.0608109666846772,-0.3778700118980171
148,Adelie,Dream,36.0,17.8,195.0,3450.0,Female,False,False,False,False,False,3.45,640.8000000000001,2.02247191011236,56.52173913043478,0,-1.5535646899240008,-0.688104915185126
149,Adelie,Dream,37.8,18.1,193.0,3750.0,Male,False,False,False,False,False,3.75,684.18,2.0883977900552484,51.46666666666667,0,-1.340181692901016,-0.33727902335102183
150,Adelie,Dream,36.0,17.1,187.0,3700.0,Female,False,False,False,False,False,3.7,615.6,2.1052631578947367,50.54054054054054,0,-1.5684097083949786,-0.9469252901668233
151,Adelie,Dream,41.5,18.5,201.0,4000.0,Male,False,False,False,False,False,4.0,767.75,2.2432432432432434,50.25,2,-0.611065189854559,0.25916602131526567
152,Chinstrap,Dream,46.5,17.9,192.0,3500.0,Female,False,False,False,False,False,3.5,832.3499999999999,2.597765363128492,54.85714285714285,2,-0.7837954012965663,0.510980885885234
153,Chinstrap,Dream,50.0,19.5,196.0,3900.0,Male,False,False,False,False,False,3.9,975.0,2.5641025641025643,50.256410256410255,2,-0.3773106950548226,1.587437957970105
154,Chinstrap,Dream,51.3,19.2,193.0,3650.0,Male,False,False,False,False,False,3.65,984.96,2.671875,52.87671232876713,2,-0.5024544498667434,1.5817271702302294
155,Chinstrap,Dream,45.4,18.7,188.0,3525.0,Female,False,False,False,False,False,3.525,848.9799999999999,2.427807486631016,53.333333333333336,2,-1.1861760780064694,0.7166494667916942
156,Chinstrap,Dream,52.7,19.8,197.0,3725.0,Male,False,False,False,False,False,3.725,1043.46,2.6616161616161618,52.88590604026845,2,-0.2913661981093038,1.9874878953708726
157,Chinstrap,Dream,45.2,17.8,198.0,3950.0,Female,False,False,False,False,False,3.95,804.5600000000001,2.539325842696629,50.12658227848101,2,-0.3164486343617284,0.37601003178899656
158,Chinstrap,Dream,46.1,18.2,178.0,3250.0,Female,False,False,False,False,False,3.25,839.02,2.5329670329670333,54.76923076923077,2,-1.6259400916707119,0.5601483118538235
159,Chinstrap,Dream,51.3,18.2,197.0,3750.0,Male,False,False,False,False,False,3.75,933.66,2.8186813186813184,52.53333333333333,2,-0.06561137729941406,1.1872566587962605
160,Chinstrap,Dream,46.0,18.9,195.0,4150.0,Female,False,False,False,False,False,4.15,869.4,2.433862433862434,46.98795180722891,2,-0.4595130250749665,0.9307681533216993
161,Chinstrap,Dream,51.3,19.9,198.0,3700.0,Male,False,False,False,False,False,3.7,1020.87,2.577889447236181,53.51351351351351,2,-0.4049902586594703,1.871742395773064
162,Chinstrap,Dream,46.6,17.8,193.0,3800.0,Female,False,False,False,False,False,3.8,829.48,2.617977528089888,50.78947368421053,2,-0.5079033186040237,0.5132241237880573
163,Chinstrap,Dream,51.7,20.3,194.0,3775.0,Male,False,False,False,False,False,3.775,1049.51,2.5467980295566504,51.3907284768212,2,-0.5659811445163403,2.085244039127158
164,Chinstrap,Dream,47.0,17.3,185.0,3700.0,Female,False,False,False,False,False,3.7,813.1,2.7167630057803467,50.0,2,-0.7703399747702833,0.3425433827476105
165,Chinstrap,Dream,52.0,18.1,201.0,4050.0,Male,False,False,False,False,False,4.05,941.2,2.87292817679558,49.62962962962963,2,0.383922810317706,1.2558956430925978
166,Chinstrap,Dream,45.9,17.1,190.0,3575.0,Female,False,False,False,False,False,3.575,784.89,2.6842105263157894,53.14685314685315,2,-0.7018917026070237,0.12813683433987677
167,Chinstrap,Dream,50.5,19.6,201.0,4050.0,Male,False,False,False,False,False,4.05,989.8,2.576530612244898,49.62962962962963,2,-0.04712635296010788,1.6995560150646714
168,Chinstrap,Dream,50.3,20.0,197.0,3300.0,Male,False,False,False,False,False,3.3,1006.0,2.515,59.6969696969697,2,-0.8249159612971336,1.7600547820486043
169,Chinstrap,Dream,58.0,17.8,181.0,3700.0,Female,False,False,False,False,False,3.7,1032.4,3.258426966292135,48.91891891891892,2,-0.11562828302603996,1.753394475964204
170,Chinstrap,Dream,46.4,18.6,190.0,3450.0,Female,False,False,False,False,False,3.45,863.0400000000001,2.494623655913978,55.07246376811594,2,-1.0513168459137265,0.7783585974132703
171,Chinstrap,Dream,49.2,18.2,195.0,4400.0,Male,False,False,False,False,False,4.4,895.44,2.7032967032967035,44.31818181818181,2,0.12266058457634774,1.0248069348257633
172,Chinstrap,Dream,42.4,17.3,181.0,3600.0,Female,False,False,False,False,False,3.6,733.52,2.450867052023121,50.27777777777778,0,-1.388722490951037,-0.17407310182717126
173,Chinstrap,Dream,48.5,17.5,191.0,3400.0,Male,False,False,False,False,False,3.4,848.75,2.771428571428572,56.1764705882353,2,-0.6446838165466923,0.5577641298721152
174,Chinstrap,Dream,43.2,16.6,187.0,2900.0,Female,False,False,False,False,False,2.9,717.1200000000001,2.602409638554217,64.48275862068965,0,-1.4131050458036303,-0.44307129021030667
175,Chinstrap,Dream,50.6,19.4,193.0,3800.0,Male,False,False,False,False,False,3.8,981.64,2.6082474226804124,50.78947368421053,2,-0.49878354030172467,1.6017752685856361
176,Chinstrap,Dream,46.7,17.9,195.0,3300.0,Female,False,False,False,False,False,3.3,835.93,2.608938547486034,59.09090909090909,2,-0.7809941481459038,0.5123162343089805
177,Chinstrap,Dream,52.0,19.0,197.0,4150.0,Male,False,False,False,False,False,4.15,988.0,2.736842105263158,47.46987951807228,2,0.10479063322507777,1.630910496624323
178,Chinstrap,Dream,50.5,18.4,200.0,3400.0,Female,False,False,False,False,False,3.4,929.2,2.7445652173913047,58.82352941176471,2,-0.29028055193396446,1.1440127272650857
179,Chinstrap,Dream,49.5,19.0,200.0,3800.0,Male,False,False,False,False,False,3.8,940.5,2.6052631578947367,52.631578947368425,2,-0.2214982749398248,1.3197447974161574
180,Chinstrap,Dream,46.4,17.8,191.0,3700.0,Female,False,False,False,False,False,3.7,825.92,2.606741573033708,51.62162162162162,2,-0.6755918940265115,0.48038105206659504
181,Chinstrap,Dream,52.8,20.0,205.0,4550.0,Male,False,False,False,False,False,4.55,1056.0,2.64,45.05494505494506,2,0.5719119604319554,2.167933760305963
182,Chinstrap,Dream,40.9,16.6,187.0,3200.0,Female,False,False,False,False,False,3.2,678.94,2.4638554216867465,58.4375,0,-1.3996698578122886,-0.664125140150781
183,Chinstrap,Dream,54.2,20.8,201.0,4300.0,Male,False,False,False,False,False,4.3,1127.36,2.605769230769231,46.74418604651163,2,0.19001117235777085,2.6192703502212806
184,Chinstrap,Dream,42.5,16.7,187.0,3350.0,Female,False,False,False,False,False,3.35,709.75,2.5449101796407185,55.82089552238806,0,-1.1830494417507145,-0.4319241298684758
185,Chinstrap,Dream,51.0,18.8,203.0,4100.0,Male,False,False,False,False,False,4.1,958.8,2.7127659574468086,49.51219512195122,2,0.27425164285288034,1.4355641640494876
186,Chinstrap,Dream,49.7,18.6,195.0,3600.0,Male,False,False,False,False,False,3.6,924.42,2.672043010752688,54.16666666666666,2,-0.4663164301380539,1.1575682641752745
187,Chinstrap,Dream,47.5,16.8,199.0,3900.0,Female,False,False,False,False,False,3.9,798.0,2.827380952380952,51.02564102564103,2,0.08656772443075877,0.21795614102363636
188,Chinstrap,Dream,47.6,18.3,195.0,3850.0,Female,False,False,False,False,False,3.85,871.08,2.601092896174863,50.64935064935065,2,-0.40938162243462783,0.8315172403479437
189,Chinstrap,Dream,52.0,20.7,210.0,4800.0,Male,False,False,False,False,False,4.8,1076.4,2.5120772946859904,43.75,2,0.7397372421705793,2.3911565092412728
190,Chinstrap,Dream,46.9,16.6,192.0,2700.0,Female,False,False,False,False,False,2.7,778.5400000000001,2.8253012048192767,71.1111111111111,2,-1.0349696728266256,-0.05685218486621103
191,Chinstrap,Dream,53.5,19.9,205.0,4500.0,Male,False,False,False,False,False,4.5,1064.65,2.6884422110552766,45.55555555555556,2,0.6165515524318274,2.199005479518804
192,Chinstrap,Dream,49.0,19.5,210.0,3950.0,Male,False,False,False,False,False,3.95,955.5,2.5128205128205128,53.16455696202532,2,0.14917011683168266,1.4850280315894089
193,Chinstrap,Dream,46.2,17.5,187.0,3650.0,Female,False,False,False,False,False,3.65,808.5,2.64,51.23287671232877,2,-0.8301218271330085,0.3308071745141512
194,Chinstrap,Dream,50.9,19.1,196.0,3550.0,Male,False,False,False,False,False,3.55,972.19,2.664921465968586,55.21126760563381,2,-0.4608559808758594,1.487125703574419
195,Chinstrap,Dream,45.5,17.0,196.0,3500.0,Female,False,False,False,False,False,3.5,773.5,2.676470588235294,56.0,2,-0.519722559559545,0.036643356761099415
196,Chinstrap,Dream,50.9,17.9,196.0,3675.0,Female,False,False,False,False,False,3.675,911.11,2.8435754189944134,53.333333333333336,2,-0.13065416272967598,1.0135379312803012
197,Chinstrap,Dream,50.8,18.5,201.0,4450.0,Male,False,False,False,False,False,4.45,939.8,2.745945945945946,45.16853932584269,2,0.47668505533469985,1.328522038788294
198,Chinstrap,Dream,50.1,17.9,190.0,3400.0,Female,False,False,False,False,False,3.4,896.79,2.7988826815642462,55.88235294117647,2,-0.6332980661176001,0.8956719169918671
199,Chinstrap,Dream,49.0,19.6,212.0,4300.0,Male,False,False,False,False,False,4.3,960.4,2.5,49.30232558139535,2,0.45143326546509394,1.5628475216159055
200,Chinstrap,Dream,51.5,18.7,187.0,3250.0,Male,False,False,False,False,False,3.25,963.05,2.7540106951871657,57.53846153846154,2,-0.9053909804108232,1.357719663164141
201,Chinstrap,Dream,49.8,17.3,198.0,3675.0,Female,False,False,False,False,False,3.675,861.54,2.8786127167630053,53.87755102040816,2,-0.01831267630998709,0.6495950829102186
202,Chinstrap,Dream,48.1,16.4,199.0,3325.0,Female,False,False,False,False,False,3.325,788.8399999999999,2.932926829268293,59.849624060150376,2,-0.1766135494806109,0.06093254823412267
203,Chinstrap,Dream,51.4,19.0,201.0,3950.0,Male,False,False,False,False,False,3.95,976.6,2.705263157894737,50.88607594936709,2,0.08173945364846211,1.5445003650314963
204,Chinstrap,Dream,45.7,17.3,193.0,3600.0,Female,False,False,False,False,False,3.6,790.6100000000001,2.6416184971098264,53.61111111111111,2,-0.6187942503208042,0.1903995396798544
205,Chinstrap,Dream,50.7,19.7,203.0,4050.0,Male,False,False,False,False,False,4.05,998.79,2.5736040609137056,50.123456790123456,2,0.03152512600087629,1.762409464577044
206,Chinstrap,Dream,42.5,17.3,187.0,3350.0,Female,False,False,False,False,False,3.35,735.25,2.4566473988439306,55.82089552238806,0,-1.305229226440558,-0.1885335437909993
207,Chinstrap,Dream,52.2,18.8,197.0,3450.0,Male,False,False,False,False,False,3.45,981.36,2.776595744680851,57.10144927536231,2,-0.3184527380969242,1.497872741140703
208,Chinstrap,Dream,45.2,16.6,191.0,3250.0,Female,False,False,False,False,False,3.25,750.3200000000002,2.7228915662650603,58.76923076923077,2,-0.8407441814487742,-0.18574923416465636
209,Chinstrap,Dream,49.3,19.9,203.0,4050.0,Male,False,False,False,False,False,4.05,981.0699999999998,2.477386934673367,50.123456790123456,2,-0.1264278570120636,1.6897113062626932
210,Chinstrap,Dream,50.2,18.8,202.0,3800.0,Male,False,False,False,False,False,3.8,943.76,2.670212765957447,53.15789473684211,2,-0.03989033644951763,1.315841651630332
211,Chinstrap,Dream,45.6,19.4,194.0,3525.0,Female,False,False,False,False,False,3.525,884.64,2.350515463917526,55.0354609929078,2,-1.0651680846642688,1.0235192478546995
212,Chinstrap,Dream,51.9,19.5,206.0,3950.0,Male,False,False,False,False,False,3.95,1012.05,2.6615384615384614,52.151898734177216,2,0.2274599074301528,1.8030467330113773
213,Chinstrap,Dream,46.8,16.5,189.0,3650.0,Female,False,False,False,False,False,3.65,772.1999999999999,2.836363636363636,51.78082191780822,2,-0.4939808224931244,-0.008604492256418132
214,Chinstrap,Dream,45.7,17.0,195.0,3650.0,Female,False,False,False,False,False,3.65,776.9000000000001,2.6882352941176477,53.42465753424658,2,-0.44109930893375393,0.07429447932202844
215,Chinstrap,Dream,55.8,19.8,207.0,4000.0,Male,False,False,False,False,False,4.0,1104.84,2.818181818181818,51.75,2,0.5684002133979282,2.3586976647389406
216,Chinstrap,Dream,43.5,18.1,202.0,3400.0,Female,False,False,False,False,False,3.4,787.35,2.403314917127072,59.41176470588236,2,-0.7330544506351386,0.25348853859538384
217,Chinstrap,Dream,49.6,18.2,193.0,3775.0,Male,False,False,False,False,False,3.775,902.72,2.7252747252747254,51.12582781456954,2,-0.35532555504414076,1.0024780209774398
218,Chinstrap,Dream,50.8,19.0,210.0,4100.0,Male,False,False,False,False,False,4.1,965.2,2.673684210526316,51.21951219512196,2,0.5047169444568603,1.4958139348904536
219,Chinstrap,Dream,50.2,18.7,198.0,3775.0,Female,False,False,False,False,False,3.775,938.74,2.6844919786096257,52.450331125827816,2,-0.2012317878255694,1.2720121285054287
220,Gentoo,Biscoe,46.1,13.2,211.0,4500.0,Female,False,False,False,False,False,4.5,608.52,3.4924242424242427,46.888888888888886,1,1.6080717357458558,-1.3310101733632504
221,Gentoo,Biscoe,50.0,16.3,230.0,5700.0,Male,False,False,False,False,False,5.7,815.0,3.067484662576687,40.35087719298245,1,2.909001747632562,0.48465862674142374
222,Gentoo,Biscoe,48.7,14.1,210.0,4450.0,Female,False,False,False,False,False,4.45,686.6700000000001,3.4539007092198584,47.19101123595505,1,1.5670372337956164,-0.6856768623088573
223,Gentoo,Biscoe,50.0,15.2,218.0,5700.0,Male,False,False,False,False,False,5.7,760.0,3.2894736842105265,38.24561403508772,1,2.6393891223507615,0.036565315846581306
224,Gentoo,Biscoe,47.6,14.5,215.0,5400.0,Male,False,False,False,False,False,5.4,690.2,3.282758620689655,39.81481481481481,1,2.251549060660898,-0.5432295858359317
225,Gentoo,Biscoe,46.5,13.5,210.0,4550.0,Female,False,False,False,False,False,4.55,627.75,3.4444444444444446,46.15384615384615,1,1.5736779218872885,-1.160242998556036
226,Gentoo,Biscoe,45.4,14.6,211.0,4800.0,Female,False,False,False,False,False,4.8,662.8399999999999,3.1095890410958904,43.958333333333336,1,1.4703937744509818,-0.8083488230198892
227,Gentoo,Biscoe,46.7,15.3,219.0,5200.0,Male,False,False,False,False,False,5.2,714.5100000000001,3.0522875816993467,42.11538461538461,1,2.0404715611871835,-0.3380821546364466
228,Gentoo,Biscoe,43.3,13.4,209.0,4400.0,Female,False,False,False,False,False,4.4,580.22,3.231343283582089,47.49999999999999,1,1.1819504160678638,-1.5684042779763554
229,Gentoo,Biscoe,46.8,15.4,215.0,5150.0,Male,False,False,False,False,False,5.15,720.72,3.038961038961039,41.74757281553398,1,1.8296083785980974,-0.2924324228262507
230,Gentoo,Biscoe,40.9,13.7,214.0,4650.0,Female,False,False,False,False,False,4.65,560.3299999999999,2.985401459854015,46.02150537634408,1,1.2972558726096306,-1.6832457525290876
231,Gentoo,Biscoe,49.0,16.1,216.0,5550.0,Male,False,False,False,False,False,5.55,788.9000000000001,3.043478260869565,38.91891891891892,1,2.187107462891867,0.27562884691213807
232,Gentoo,Biscoe,45.5,13.7,214.0,4650.0,Female,False,False,False,False,False,4.65,623.35,3.321167883211679,46.02150537634408,1,1.6824282907061274,-1.1778097333161306
233,Gentoo,Biscoe,48.4,14.6,213.0,5850.0,Male,False,False,False,False,False,5.85,706.64,3.315068493150685,36.410256410256416,1,2.524936216731489,-0.3675792050090621
234,Gentoo,Biscoe,45.8,14.6,210.0,4200.0,Female,False,False,False,False,False,4.2,668.68,3.136986301369863,50.0,1,1.0507101593515575,-0.8278826205277567
235,Gentoo,Biscoe,49.3,15.7,217.0,5850.0,Male,False,False,False,False,False,5.85,774.0099999999999,3.140127388535032,37.0940170940171,1,2.5408360648030923,0.17815227087243657
236,Gentoo,Biscoe,42.0,13.5,210.0,4150.0,Female,False,False,False,False,False,4.15,567.0,3.111111111111111,50.60240963855421,1,0.9221836211748852,-1.6969101577755579
237,Gentoo,Biscoe,49.2,15.2,221.0,6300.0,Male,False,False,False,False,False,6.3,747.84,3.2368421052631584,35.07936507936508,1,3.1078476332381944,0.012461027898596115
238,Gentoo,Biscoe,46.2,14.5,209.0,4800.0,Female,False,False,False,False,False,4.8,669.9000000000001,3.1862068965517243,43.54166666666667,1,1.4754754298588022,-0.7613248770511841
239,Gentoo,Biscoe,48.7,15.1,222.0,5350.0,Male,False,False,False,False,False,5.35,735.37,3.2251655629139075,41.49532710280374,1,2.4750773476444956,-0.18315617009558094
240,Gentoo,Biscoe,50.2,14.3,218.0,5700.0,Male,False,False,False,False,False,5.7,717.8600000000001,3.5104895104895104,38.24561403508772,1,2.8394054262592876,-0.3065450841734163
241,Gentoo,Biscoe,45.1,14.5,215.0,5000.0,Female,False,False,False,False,False,5.0,653.95,3.110344827586207,43.0,1,1.7675210286861016,-0.8601419540932986
242,Gentoo,Biscoe,46.5,14.5,213.0,4400.0,Female,False,False,False,False,False,4.4,674.25,3.206896551724138,48.40909090909091,1,1.3904364731877161,-0.7699547924883776
243,Gentoo,Biscoe,46.3,15.8,215.0,5050.0,Male,False,False,False,False,False,5.05,731.54,2.9303797468354427,42.57425742574257,1,1.63761482260727,-0.19566544973714026
244,Gentoo,Biscoe,42.9,13.1,215.0,5000.0,Female,False,False,False,False,False,5.0,561.99,3.2748091603053435,43.0,1,1.8683942973510348,-1.6697835916657806
245,Gentoo,Biscoe,46.1,15.1,215.0,5100.0,Male,False,False,False,False,False,5.1,696.11,3.0529801324503314,42.15686274509804,1,1.7977481773782589,-0.49631925264607696
246,Gentoo,Biscoe,44.5,14.3,216.0,4100.0,Unknown,False,False,False,False,False,4.1,636.35,3.111888111888112,52.6829268292683,1,1.181077626610428,-1.1020346293708285
247,Gentoo,Biscoe,47.8,15.0,215.0,5650.0,Male,False,False,False,False,False,5.65,717.0,3.1866666666666665,38.05309734513274,1,2.338163697826114,-0.2920418186201495
248,Gentoo,Biscoe,48.2,14.3,210.0,4600.0,Female,False,False,False,False,False,4.6,689.2600000000001,3.370629370629371,45.65217391304349,1,1.587454770234395,-0.6436532848572346
249,Gentoo,Biscoe,50.0,15.3,220.0,5550.0,Male,False,False,False,False,False,5.55,765.0,3.2679738562091503,39.63963963963964,1,2.598283275918189,0.06161120642973704
250,Gentoo,Biscoe,47.3,15.3,222.0,5250.0,Male,False,False,False,False,False,5.25,723.6899999999999,3.091503267973856,42.285714285714285,1,2.248450565618359,-0.26640904829859924
251,Gentoo,Biscoe,42.8,14.2,209.0,4700.0,Female,False,False,False,False,False,4.7,607.7599999999999,3.014084507042253,44.46808510638298,1,1.1831988663365944,-1.2671580346142552
252,Gentoo,Biscoe,45.1,14.5,207.0,5050.0,Female,False,False,False,False,False,5.05,653.95,3.110344827586207,40.990099009901,1,1.47278533005058,-0.8561160850952774
253,Gentoo,Biscoe,59.6,17.0,230.0,6050.0,Male,False,False,False,False,False,6.05,1013.2,3.5058823529411764,38.01652892561984,1,3.8106550519811146,1.8603788267271626
254,Gentoo,Biscoe,49.1,14.8,220.0,5150.0,Female,False,False,False,False,False,5.15,726.6800000000001,3.3175675675675675,42.71844660194174,1,2.350044746175015,-0.2823228174558022
255,Gentoo,Biscoe,48.4,16.3,220.0,5400.0,Male,False,False,False,False,False,5.4,788.92,2.969325153374233,40.74074074074074,1,2.1576665879252355,0.27562627062280376
256,Gentoo,Biscoe,42.6,13.7,213.0,4950.0,Female,False,False,False,False,False,4.95,583.62,3.109489051094891,43.03030303030303,1,1.6044895233084224,-1.46494645691354
257,Gentoo,Biscoe,44.4,17.3,219.0,5250.0,Male,False,False,False,False,False,5.25,768.12,2.566473988439306,41.71428571428572,1,1.4749563026793882,0.22577914929299525
258,Gentoo,Biscoe,44.0,13.6,208.0,4350.0,Female,False,False,False,False,False,4.35,598.4,3.235294117647059,47.816091954022994,1,1.1243660409550487,-1.4157937020930655
259,Gentoo,Biscoe,48.7,15.7,208.0,5350.0,Male,False,False,False,False,False,5.35,764.59,3.101910828025478,38.8785046728972,1,1.7770205162059416,0.05804430682584762
260,Gentoo,Biscoe,42.7,13.7,208.0,3950.0,Female,False,False,False,False,False,3.95,584.99,3.1167883211678835,52.65822784810126,1,0.72045447277451,-1.5602880980935596
261,Gentoo,Biscoe,49.6,16.0,225.0,5700.0,Male,False,False,False,False,False,5.7,793.6,3.1,39.47368421052632,1,2.7309280123911375,0.31823019366880906
262,Gentoo,Biscoe,45.3,13.7,210.0,4300.0,Female,False,False,False,False,False,4.3,620.6099999999999,3.3065693430656933,48.83720930232558,1,1.2607870682151177,-1.2373524774958415
263,Gentoo,Biscoe,49.6,15.0,216.0,4750.0,Male,False,False,False,False,False,4.75,744.0,3.306666666666666,45.47368421052632,1,1.911953223338955,-0.1890985493839342
264,Gentoo,Biscoe,50.5,15.9,222.0,5550.0,Male,False,False,False,False,False,5.55,802.95,3.1761006289308176,40.0,1,2.6002382079482778,0.3602533629843299
265,Gentoo,Biscoe,43.6,13.9,217.0,4900.0,Female,False,False,False,False,False,4.9,606.0400000000001,3.1366906474820144,44.285714285714285,1,1.777695462345073,-1.278590480544481
266,Gentoo,Biscoe,45.5,13.9,210.0,4200.0,Female,False,False,False,False,False,4.2,632.45,3.273381294964029,50.0,1,1.168133301179067,-1.144801522929135
267,Gentoo,Biscoe,50.5,15.9,225.0,5400.0,Male,False,False,False,False,False,5.4,802.95,3.1761006289308176,41.66666666666666,1,2.6206297337317777,0.3448905922561949
268,Gentoo,Biscoe,44.9,13.3,213.0,5100.0,Female,False,False,False,False,False,5.1,597.17,3.37593984962406,41.76470588235294,1,1.9815396206696945,-1.3586567581923763
269,Gentoo,Biscoe,45.2,15.8,215.0,5300.0,Male,False,False,False,False,False,5.3,714.1600000000001,2.8607594936708862,40.56603773584906,1,1.7171928723345782,-0.2901437850446545
270,Gentoo,Biscoe,46.6,14.2,210.0,4850.0,Female,False,False,False,False,False,4.85,661.72,3.2816901408450705,43.29896907216495,1,1.6455295502256087,-0.8336354155848683
271,Gentoo,Biscoe,48.5,14.1,220.0,5300.0,Male,False,False,False,False,False,5.3,683.85,3.4397163120567376,41.50943396226416,1,2.5453586462116786,-0.6163728586685022
272,Gentoo,Biscoe,45.1,14.4,210.0,4400.0,Female,False,False,False,False,False,4.4,649.44,3.1319444444444446,47.72727272727273,1,1.1701711582164032,-0.9648175529463324
273,Gentoo,Biscoe,50.1,15.0,225.0,5000.0,Male,False,False,False,False,False,5.0,751.5,3.3400000000000003,45.0,1,2.4957109609662345,-0.10636512460712304
274,Gentoo,Biscoe,46.5,14.4,217.0,4900.0,Female,False,False,False,False,False,4.9,669.6,3.2291666666666665,44.285714285714285,1,1.918705064773067,-0.7571205452514592
275,Gentoo,Biscoe,45.0,15.4,220.0,5050.0,Male,False,False,False,False,False,5.05,693.0,2.922077922077922,43.56435643564357,1,1.8158853115598796,-0.49998427273941265
276,Gentoo,Biscoe,43.8,13.9,208.0,4300.0,Female,False,False,False,False,False,4.3,608.8199999999999,3.151079136690647,48.372093023255815,1,1.0121926222297675,-1.3213512480948773
277,Gentoo,Biscoe,45.5,15.0,220.0,5000.0,Male,False,False,False,False,False,5.0,682.5,3.033333333333333,44.0,1,1.904868169030912,-0.6125833256615255
278,Gentoo,Biscoe,43.2,14.5,208.0,4450.0,Female,False,False,False,False,False,4.45,626.4000000000001,2.9793103448275864,46.741573033707866,1,0.9427836554384377,-1.128055019473045
279,Gentoo,Biscoe,50.4,15.3,224.0,5550.0,Male,False,False,False,False,False,5.55,771.12,3.294117647058824,40.36036036036036,1,2.7963128287367707,0.10618791009532431
280,Gentoo,Biscoe,45.3,13.8,208.0,4200.0,Female,False,False,False,False,False,4.2,625.14,3.2826086956521734,49.52380952380952,1,1.0894818222180833,-1.207654972441508
281,Gentoo,Biscoe,46.2,14.9,221.0,5300.0,Male,False,False,False,False,False,5.3,688.3800000000001,3.100671140939597,41.69811320754717,1,2.2310001323447377,-0.5444136504700564
282,Gentoo,Biscoe,45.7,13.9,214.0,4400.0,Female,False,False,False,False,False,4.4,635.23,3.287769784172662,48.63636363636363,1,1.486763825150282,-1.1010908585824264
283,Gentoo,Biscoe,54.3,15.7,231.0,5650.0,Male,False,False,False,False,False,5.65,852.5099999999999,3.4585987261146496,40.88495575221239,1,3.398031185369428,0.7086199176565354
284,Gentoo,Biscoe,45.8,14.2,219.0,4700.0,Female,False,False,False,False,False,4.7,650.3599999999999,3.2253521126760565,46.59574468085106,1,1.8457390171206556,-0.9359614844881313
285,Gentoo,Biscoe,49.8,16.8,230.0,5700.0,Male,False,False,False,False,False,5.7,836.64,2.964285714285714,40.35087719298245,1,2.790438633517265,0.6655086360431045
286,Gentoo,Biscoe,46.2,14.4,214.0,4650.0,Unknown,False,False,False,False,False,4.65,665.2800000000001,3.208333333333333,46.02150537634408,1,1.5984984026261393,-0.81693987272232
287,Gentoo,Biscoe,49.5,16.2,229.0,5800.0,Male,False,False,False,False,False,5.8,801.9,3.055555555555556,39.48275862068966,1,2.9150382021418997,0.3995531148416841
288,Gentoo,Biscoe,43.5,14.2,220.0,4700.0,Female,False,False,False,False,False,4.7,617.6999999999999,3.063380281690141,46.80851063829787,1,1.6942868828401725,-1.1885230577263204
289,Gentoo,Biscoe,50.7,15.0,223.0,5550.0,Male,False,False,False,False,False,5.55,760.5,3.3800000000000003,40.18018018018018,1,2.8413885866245687,0.017299399332620754
290,Gentoo,Biscoe,47.7,15.0,216.0,4750.0,Female,False,False,False,False,False,4.75,715.5,3.18,45.47368421052632,1,1.7528602680382281,-0.39786560079798144
291,Gentoo,Biscoe,46.4,15.6,221.0,5000.0,Male,False,False,False,False,False,5.0,723.8399999999999,2.9743589743589745,44.2,1,1.899182280040757,-0.270146647282791
292,Gentoo,Biscoe,48.2,15.6,221.0,5100.0,Male,False,False,False,False,False,5.1,751.9200000000001,3.08974358974359,43.333333333333336,1,2.118575720917801,-0.061812615528182596
293,Gentoo,Biscoe,46.5,14.8,217.0,5200.0,Female,False,False,False,False,False,5.2,688.2,3.141891891891892,41.730769230769226,1,2.0432732720194284,-0.5631959948671372
294,Gentoo,Biscoe,46.4,15.0,216.0,4700.0,Female,False,False,False,False,False,4.7,696.0,3.0933333333333333,45.95744680851064,1,1.6096702938521847,-0.5459835748677169
295,Gentoo,Biscoe,48.6,16.0,230.0,5800.0,Male,False,False,False,False,False,5.8,777.6,3.0375,39.6551724137931,1,2.921539050874356,0.2196896999178452
296,Gentoo,Biscoe,47.5,14.2,209.0,4600.0,Female,False,False,False,False,False,4.6,674.5,3.3450704225352115,45.434782608695656,1,1.508070798856775,-0.7612889957418584
297,Gentoo,Biscoe,51.1,16.3,220.0,6000.0,Male,False,False,False,False,False,6.0,832.9300000000001,3.1349693251533743,36.66666666666666,1,2.795788844800186,0.6356235577537229
298,Gentoo,Biscoe,45.2,13.8,215.0,4750.0,Female,False,False,False,False,False,4.75,623.7600000000001,3.27536231884058,45.26315789473684,1,1.7467529267281408,-1.1594966980239163
299,Gentoo,Biscoe,45.2,16.4,223.0,5950.0,Male,False,False,False,False,False,5.95,741.28,2.75609756097561,37.47899159663866,1,2.370465379372635,0.023103971255476898
300,Gentoo,Biscoe,49.1,14.5,212.0,4625.0,Female,False,False,False,False,False,4.625,711.95,3.386206896551724,45.83783783783784,1,1.7215245955585334,-0.4606818808563614
301,Gentoo,Biscoe,52.5,15.6,221.0,5450.0,Male,False,False,False,False,False,5.45,819.0,3.3653846153846154,40.55045871559633,1,2.718986495249845,0.4476017046507896
302,Gentoo,Biscoe,47.4,14.6,212.0,4725.0,Female,False,False,False,False,False,4.725,692.04,3.246575342465753,44.86772486772488,1,1.6274887686964565,-0.5963536356059462
303,Gentoo,Biscoe,50.0,15.9,224.0,5350.0,Male,False,False,False,False,False,5.35,795.0,3.144654088050314,41.86915887850468,1,2.5032921922730123,0.28451809820303287
304,Gentoo,Biscoe,44.9,13.8,212.0,4750.0,Female,False,False,False,False,False,4.75,619.62,3.253623188405797,44.63157894736842,1,1.5982307621142042,-1.1929292257731072
305,Gentoo,Biscoe,50.8,17.3,228.0,5600.0,Male,False,False,False,False,False,5.6,878.84,2.936416184971098,40.71428571428572,1,2.6214133320958055,0.9673439272968323
306,Gentoo,Biscoe,43.4,14.4,218.0,4600.0,Female,False,False,False,False,False,4.6,624.96,3.013888888888889,47.39130434782609,1,1.4942450259579505,-1.1292481945405155
307,Gentoo,Biscoe,51.3,14.2,218.0,5300.0,Male,False,False,False,False,False,5.3,728.4599999999999,3.612676056338028,41.13207547169812,1,2.6771799754604912,-0.2684639263784845
308,Gentoo,Biscoe,47.5,14.0,212.0,4875.0,Female,False,False,False,False,False,4.875,665.0,3.392857142857143,43.48717948717949,1,1.8610525653429755,-0.8129244023023118
309,Gentoo,Biscoe,52.1,17.0,230.0,5550.0,Male,False,False,False,False,False,5.55,885.7,3.0647058823529414,41.44144144144144,1,2.839287549149104,0.9835247611757395
310,Gentoo,Biscoe,47.5,15.0,218.0,4950.0,Female,False,False,False,False,False,4.95,712.5,3.1666666666666665,44.04040404040404,1,1.955729388726391,-0.39841876738028265
311,Gentoo,Biscoe,52.2,17.1,228.0,5400.0,Male,False,False,False,False,False,5.4,892.6200000000001,3.052631578947368,42.22222222222222,1,2.642018717082352,1.0189326458338468
312,Gentoo,Biscoe,45.5,14.5,212.0,4750.0,Female,False,False,False,False,False,4.75,659.75,3.1379310344827585,44.63157894736842,1,1.5059275605973361,-0.8430471047274055
313,Gentoo,Biscoe,49.5,16.1,224.0,5650.0,Male,False,False,False,False,False,5.65,796.95,3.074534161490683,39.64601769911504,1,2.626720427231586,0.3423737554876578
314,Gentoo,Biscoe,44.5,14.7,214.0,4850.0,Female,False,False,False,False,False,4.85,654.15,3.027210884353741,44.12371134020619,1,1.5324097798806449,-0.8609267122240782
315,Gentoo,Biscoe,50.8,15.7,226.0,5200.0,Male,False,False,False,False,False,5.2,797.56,3.2356687898089174,43.46153846153846,1,2.5902627456804046,0.27577061213231135
316,Gentoo,Biscoe,49.4,15.8,216.0,4925.0,Male,False,False,False,False,False,4.925,780.52,3.1265822784810124,43.85786802030457,1,1.85247936515183,0.1319175127616542
317,Gentoo,Biscoe,46.9,14.6,222.0,4875.0,Female,False,False,False,False,False,4.875,684.74,3.212328767123288,45.53846153846154,1,2.0999736477095006,-0.6338958898305918
318,Gentoo,Biscoe,48.4,14.4,203.0,4625.0,Female,False,False,False,False,False,4.625,696.96,3.3611111111111107,43.891891891891895,1,1.3130680260387924,-0.579569082687297
319,Gentoo,Biscoe,51.1,16.5,225.0,5250.0,Male,False,False,False,False,False,5.25,843.15,3.096969696969697,42.85714285714285,1,2.445679131143421,0.638375535789315
320,Gentoo,Biscoe,48.5,15.0,219.0,4850.0,Female,False,False,False,False,False,4.85,727.5,3.2333333333333334,45.154639175257735,1,2.011922798849763,-0.2989396554195841
321,Gentoo,Biscoe,55.9,17.0,228.0,5600.0,Male,False,False,False,False,False,5.6,950.3,3.288235294117647,40.71428571428572,1,3.1095422097216256,1.4060233512115898
322,Gentoo,Biscoe,47.2,15.5,215.0,4975.0,Female,False,False,False,False,False,4.975,731.6,3.045161290322581,43.21608040201005,1,1.7225591866242178,-0.22638712675940925
323,Gentoo,Biscoe,49.1,15.0,228.0,5500.0,Male,False,False,False,False,False,5.5,736.5,3.273333333333333,41.45454545454545,1,2.8787490459667096,-0.1629996115399922
324,Gentoo,Biscoe,47.3,13.8,216.0,4725.0,Unknown,False,False,False,False,False,4.725,652.74,3.4275362318840576,45.71428571428572,1,1.9465581339170939,-0.9312364111175319
325,Gentoo,Biscoe,46.8,16.1,215.0,5500.0,Male,False,False,False,False,False,5.5,753.48,2.9068322981366457,39.09090909090909,1,1.9274235930061352,0.02846478054114374
326,Gentoo,Biscoe,41.7,14.7,210.0,4700.0,Female,False,False,False,False,False,4.7,612.99,2.8367346938775517,44.680851063829785,1,1.0304100060571397,-1.185041244877254
327,Gentoo,Biscoe,53.4,15.8,219.0,5500.0,Male,False,False,False,False,False,5.5,843.72,3.3797468354430378,39.81818181818182,1,2.7056884712562215,0.6325860431506743
328,Gentoo,Biscoe,43.3,14.0,208.0,4575.0,Female,False,False,False,False,False,4.575,606.1999999999999,3.0928571428571425,45.46448087431694,1,1.1388157048833496,-1.3066993684619992
329,Gentoo,Biscoe,48.1,15.1,209.0,5500.0,Male,False,False,False,False,False,5.5,726.3100000000001,3.185430463576159,38.0,1,1.993105193562063,-0.23528420033898356
330,Gentoo,Biscoe,50.5,15.2,216.0,5000.0,Female,False,False,False,False,False,5.0,767.5999999999999,3.322368421052632,43.2,1,2.118270946907256,0.0173081016298644
331,Gentoo,Biscoe,49.8,15.9,229.0,5950.0,Male,False,False,False,False,False,5.95,791.8199999999999,3.132075471698113,38.48739495798319,1,3.104258733317257,0.3266531202802719
332,Gentoo,Biscoe,43.5,15.2,213.0,4650.0,Female,False,False,False,False,False,4.65,661.1999999999999,2.861842105263158,45.80645161290322,1,1.1683784854761465,-0.7892444954528848
333,Gentoo,Biscoe,51.5,16.3,230.0,5500.0,Male,False,False,False,False,False,5.5,839.45,3.159509202453988,41.81818181818182,1,2.897253851159374,0.6283652801857037
334,Gentoo,Biscoe,46.2,14.1,217.0,4375.0,Female,False,False,False,False,False,4.375,651.4200000000001,3.276595744680851,49.6,1,1.594137571988065,-0.9671913363500287
335,Gentoo,Biscoe,55.1,16.0,230.0,5850.0,Male,False,False,False,False,False,5.85,881.6,3.44375,39.31623931623932,1,3.5001413237781778,0.9391701304891837
336,Gentoo,Biscoe,44.5,15.7,217.0,4875.0,Unknown,False,False,False,False,False,4.875,698.65,2.8343949044585988,44.51282051282051,1,1.469347479454167,-0.45216774635125057
337,Gentoo,Biscoe,48.8,16.2,222.0,6000.0,Male,False,False,False,False,False,6.0,790.56,3.0123456790123457,37.0,1,2.705834082735775,0.34265332320424224
338,Gentoo,Biscoe,47.2,13.7,214.0,4925.0,Female,False,False,False,False,False,4.925,646.64,3.445255474452555,43.45177664974619,1,2.0136275664193852,-0.9619926813044607
339,Gentoo,Biscoe,44.45,17.3,197.0,4050.0,Unknown,False,False,False,False,False,4.05,768.9850000000001,2.569364161849711,48.641975308641975,2,-0.24989227365136316,0.10117478030067084
340,Gentoo,Biscoe,46.8,14.3,215.0,4850.0,Female,False,False,False,False,False,4.85,669.24,3.2727272727272725,44.3298969072165,1,1.8475832534898866,-0.7703126569676279
341,Gentoo,Biscoe,50.4,15.7,222.0,5750.0,Male,False,False,False,False,False,5.75,791.28,3.210191082802548,38.60869565217392,1,2.769939087434405,0.2892448678543994
342,Gentoo,Biscoe,45.2,14.8,212.0,5200.0,Female,False,False,False,False,False,5.2,668.96,3.054054054054054,40.76923076923077,1,1.728749823501159,-0.7068187908339832
343,Gentoo,Biscoe,49.9,16.1,213.0,5400.0,Male,False,False,False,False,False,5.4,803.3900000000001,3.0993788819875774,39.44444444444444,1,2.0360543610007,0.3582171139072381
