species,island,bill_length_mm,bill_depth_mm,flipper_length_mm,body_mass_g,sex,bill_length_mm_outlier,bill_depth_mm_outlier,flipper_length_mm_outlier,body_mass_g_outlier,is_any_outlier,body_mass_kg,bill_area_mm2,bill_ratio,flipper_mass_ratio,cluster,PC1,PC2
Adelie,Torgersen,39.1,18.7,181.0,3750.0,Male,False,False,False,False,False,3.75,731.17,2.0909090909090917,48.266666666666666,0,-1.8281453585423466,-0.041995197230923535
Adelie,Torgersen,39.5,17.4,186.0,3800.0,Female,False,False,False,False,False,3.8,687.3,2.270114942528736,48.94736842105264,0,-1.2135473168159774,-0.4784702558615045
Adelie,Torgersen,40.3,18.0,195.0,3250.0,Female,False,False,False,False,False,3.25,725.4,2.238888888888889,60.0,0,-0.865560456176136,-0.12884501587317093
Adelie,Torgersen,44.45,17.3,197.0,4050.0,Unknown,False,False,False,False,False,4.05,768.9850000000001,2.569364161849711,48.641975308641975,2,-0.1684520452253233,0.1101074990963381
Adelie,Torgersen,36.7,19.3,193.0,3450.0,Female,False,False,False,False,False,3.45,708.3100000000001,1.9015544041450776,55.94202898550724,0,-1.6633393348215775,-0.07157768033833649
Adelie,Torgersen,39.3,20.6,190.0,3650.0,Male,False,False,False,False,False,3.65,809.58,1.907766990291262,52.05479452054794,0,-1.8798454972008642,0.7327974683122359
Adelie,Torgersen,38.9,17.8,181.0,3625.0,Female,False,False,False,False,False,3.625,692.42,2.185393258426966,49.93103448275862,0,-1.613802103758544,-0.41075209489281445
Adelie,Torgersen,39.2,19.6,195.0,4675.0,Male,False,False,False,False,False,4.675,768.3200000000002,2.0,41.711229946524064,0,-1.3941212553417142,0.3507219660964965
Adelie,Torgersen,34.1,18.1,193.0,3475.0,Unknown,False,False,False,False,False,3.475,617.21,1.8839779005524864,55.53956834532374,0,-1.6140085272127787,-0.8453922887741108
Adelie,Torgersen,42.0,20.2,190.0,4250.0,Unknown,False,False,False,False,False,4.25,848.4,2.0792079207920797,44.70588235294117,0,-1.5019555908310576,0.9061284898269497
Adelie,Torgersen,37.8,17.1,186.0,3300.0,Unknown,False,False,False,False,False,3.3,646.38,2.210526315789473,56.36363636363637,0,-1.307621704360101,-0.7988863431694113
Adelie,Torgersen,37.8,17.3,180.0,3700.0,Unknown,False,False,False,False,False,3.7,653.9399999999999,2.184971098265896,48.648648648648646,0,-1.641972413901075,-0.7377652627398155
Adelie,Torgersen,41.1,17.6,182.0,3200.0,Female,False,False,False,False,False,3.2,723.3600000000001,2.3352272727272725,56.875,0,-1.2916822662716323,-0.21873233234386688
Adelie,Torgersen,38.6,21.2,191.0,3800.0,Male,False,False,False,False,False,3.8,818.32,1.820754716981132,50.26315789473684,0,-2.0601552594861294,0.8804467002102394
Adelie,Torgersen,34.6,21.1,198.0,4400.0,Male,False,False,False,False,False,4.4,730.0600000000001,1.6398104265402844,44.99999999999999,0,-2.110196997891214,0.3765202905214848
Adelie,Torgersen,36.6,17.8,185.0,3700.0,Female,False,False,False,False,False,3.7,651.48,2.056179775280899,50.0,0,-1.6587410521162593,-0.6785597359494014
Adelie,Torgersen,38.7,19.0,195.0,3450.0,Female,False,False,False,False,False,3.45,735.3000000000001,2.0368421052631582,56.52173913043478,0,-1.2883837833877354,0.060547945839723845
Adelie,Torgersen,42.5,20.7,197.0,4500.0,Male,False,False,False,False,False,4.5,879.75,2.0531400966183577,43.77777777777778,0,-1.2523744604422253,1.1760425202005427
Adelie,Torgersen,34.4,18.4,184.0,3325.0,Female,False,False,False,False,False,3.325,632.9599999999999,1.8695652173913044,55.338345864661655,0,-2.0851325659681472,-0.7174356866442997
Adelie,Torgersen,46.0,21.5,194.0,4200.0,Male,False,False,False,False,False,4.2,989.0,2.13953488372093,46.19047619047619,2,-1.2473349506970142,1.8978128484898082
Adelie,Biscoe,37.8,18.3,174.0,3400.0,Female,False,False,False,False,False,3.4,691.74,2.065573770491803,51.1764705882353,0,-2.1848664761720027,-0.37035655860211936
Adelie,Biscoe,37.7,18.7,180.0,3600.0,Male,False,False,False,False,False,3.6,704.99,2.016042780748663,50.0,0,-2.0170572896971906,-0.21385358174577995
Adelie,Biscoe,35.9,19.2,189.0,3800.0,Female,False,False,False,False,False,3.8,689.28,1.8697916666666667,49.73684210526316,0,-1.9064867314522362,-0.21689746759458442
Adelie,Biscoe,38.2,18.1,185.0,3950.0,Male,False,False,False,False,False,3.95,691.4200000000001,2.110497237569061,46.83544303797469,0,-1.5748006730908342,-0.37023530913663294
Adelie,Biscoe,38.8,17.2,180.0,3800.0,Male,False,False,False,False,False,3.8,667.3599999999999,2.255813953488372,47.36842105263158,0,-1.5145644096228565,-0.6551346107519344
Adelie,Biscoe,35.3,18.9,187.0,3800.0,Female,False,False,False,False,False,3.8,667.1699999999998,1.867724867724868,49.21052631578947,0,-1.9831586490768496,-0.40945556462176824
Adelie,Biscoe,40.6,18.6,183.0,3550.0,Male,False,False,False,False,False,3.55,755.1600000000001,2.182795698924731,51.54929577464789,0,-1.5559956878844803,0.10624403239846565
Adelie,Biscoe,40.5,17.9,187.0,3200.0,Female,False,False,False,False,False,3.2,724.9499999999999,2.2625698324022347,58.4375,0,-1.1955110151921438,-0.16354874850964315
Adelie,Biscoe,37.9,18.6,172.0,3150.0,Female,False,False,False,False,False,3.15,704.94,2.0376344086021505,54.60317460317461,0,-2.3470078487132002,-0.24855731438225181
Adelie,Biscoe,40.5,18.9,180.0,3950.0,Male,False,False,False,False,False,3.95,765.4499999999999,2.1428571428571432,45.56962025316456,0,-1.7854408893561526,0.20128481804514806
Adelie,Dream,39.5,16.7,178.0,3250.0,Female,False,False,False,False,False,3.25,659.65,2.3652694610778444,54.76923076923077,0,-1.4073583783219157,-0.76707302726933
Adelie,Dream,37.2,18.1,178.0,3900.0,Male,False,False,False,False,False,3.9,673.32,2.0552486187845305,45.64102564102564,0,-2.0053914415293743,-0.5091778771683608
Adelie,Dream,39.5,17.8,188.0,3300.0,Female,False,False,False,False,False,3.3,703.1,2.2191011235955056,56.969696969696976,0,-1.223747369394793,-0.3201761688416441
Adelie,Dream,40.9,18.9,184.0,3900.0,Male,False,False,False,False,False,3.9,773.0099999999999,2.164021164021164,47.17948717948718,0,-1.5567616077090394,0.25995201035732474
Adelie,Dream,36.4,17.0,195.0,3325.0,Female,False,False,False,False,False,3.325,618.8,2.1411764705882352,58.64661654135338,0,-1.000107597492891,-0.9832793048187328
Adelie,Dream,39.2,21.1,196.0,4150.0,Male,False,False,False,False,False,4.15,827.1200000000001,1.8578199052132705,47.2289156626506,0,-1.7381042298172966,0.9275863981320885
Adelie,Dream,38.8,20.0,190.0,3950.0,Male,False,False,False,False,False,3.95,776.0,1.94,48.10126582278481,0,-1.7741080252468855,0.44262344805546344
Adelie,Dream,42.2,18.5,180.0,3550.0,Female,False,False,False,False,False,3.55,780.7,2.2810810810810813,50.70422535211268,0,-1.5088910681733205,0.25369923460846916
Adelie,Dream,37.6,19.3,181.0,3300.0,Female,False,False,False,False,False,3.3,725.6800000000001,1.9481865284974091,54.84848484848485,0,-2.1365630008702725,0.0063456131230605955
Adelie,Dream,39.8,19.1,184.0,4650.0,Male,False,False,False,False,False,4.65,760.18,2.083769633507853,39.56989247311828,0,-1.7203715395972,0.203515650837817
Adelie,Dream,36.5,18.0,182.0,3150.0,Female,False,False,False,False,False,3.15,657.0,2.0277777777777777,57.77777777777778,0,-1.862118334496688,-0.6218049032662308
Adelie,Dream,40.8,18.4,195.0,3900.0,Male,False,False,False,False,False,3.9,750.7199999999999,2.217391304347826,50.0,0,-0.9191620899476256,0.08475709845657549
Adelie,Dream,36.0,18.5,186.0,3100.0,Female,False,False,False,False,False,3.1,666.0,1.945945945945946,60.0,0,-1.854984724974072,-0.4805328905927462
Adelie,Dream,44.1,19.7,196.0,4400.0,Male,False,False,False,False,False,4.4,868.77,2.238578680203046,44.54545454545454,2,-0.8765869451237062,0.9840744209047441
Adelie,Dream,37.0,16.9,185.0,3000.0,Female,False,False,False,False,False,3.0,625.3,2.189349112426036,61.66666666666666,0,-1.3835937462202714,-0.9747666706404572
Adelie,Dream,39.6,18.8,190.0,4600.0,Male,False,False,False,False,False,4.6,744.48,2.106382978723404,41.30434782608696,0,-1.3802209280023756,0.07992529645442979
Adelie,Dream,41.1,19.0,182.0,3425.0,Male,False,False,False,False,False,3.425,780.9,2.1631578947368424,53.13868613138686,0,-1.656633133549051,0.31727100914530726
Adelie,Dream,37.5,18.9,179.0,2975.0,Unknown,False,False,False,False,False,2.975,708.75,1.984126984126984,60.16806722689076,0,-2.136496956810155,-0.16404013439193924
Adelie,Dream,36.0,17.9,190.0,3450.0,Female,False,False,False,False,False,3.45,644.4,2.011173184357542,55.07246376811594,0,-1.5104339628542824,-0.6999480580422024
Adelie,Dream,42.3,21.2,191.0,4150.0,Male,False,False,False,False,False,4.15,896.7599999999999,1.9952830188679245,46.024096385542165,0,-1.685196944294327,1.3278381385303972
Adelie,Biscoe,39.6,17.7,186.0,3500.0,Female,False,False,False,False,False,3.5,700.92,2.2372881355932206,53.142857142857146,0,-1.2816170655710126,-0.35152073647582727
Adelie,Biscoe,40.1,18.9,188.0,4300.0,Male,False,False,False,False,False,4.3,757.89,2.121693121693122,43.72093023255814,0,-1.4496904282862944,0.17351927672782888
Adelie,Biscoe,35.0,17.9,190.0,3450.0,Female,False,False,False,False,False,3.45,626.5,1.9553072625698324,55.07246376811594,0,-1.6117740480412561,-0.8208646629935966
Adelie,Biscoe,42.0,19.5,200.0,4050.0,Male,False,False,False,False,False,4.05,819.0,2.1538461538461537,49.38271604938272,0,-0.849122038261539,0.6638781949114108
Adelie,Biscoe,34.5,18.1,187.0,2900.0,Female,False,False,False,False,False,2.9,624.45,1.9060773480662985,64.48275862068965,0,-1.8556873644964753,-0.8124764722909823
Adelie,Biscoe,41.4,18.6,191.0,3700.0,Male,False,False,False,False,False,3.7,770.0400000000001,2.225806451612903,51.62162162162162,0,-1.098637124590254,0.22357841702281905
Adelie,Biscoe,39.0,17.5,186.0,3550.0,Female,False,False,False,False,False,3.55,682.5,2.2285714285714286,52.3943661971831,0,-1.2902852785007088,-0.5006426053736887
Adelie,Biscoe,40.6,18.8,193.0,3800.0,Male,False,False,False,False,False,3.8,763.2800000000001,2.1595744680851063,50.78947368421053,0,-1.1377734071361592,0.20856731415453833
Adelie,Biscoe,36.5,16.6,181.0,2850.0,Female,False,False,False,False,False,2.85,605.9000000000001,2.198795180722892,63.50877192982456,0,-1.5442032791123503,-1.1603833823383098
Adelie,Biscoe,37.6,19.1,194.0,3750.0,Male,False,False,False,False,False,3.75,718.1600000000001,1.9685863874345548,51.73333333333333,0,-1.4729616080777321,-0.03674950422620164
Adelie,Biscoe,35.7,16.9,185.0,3150.0,Female,False,False,False,False,False,3.15,603.33,2.112426035502959,58.730158730158735,0,-1.515335856963337,-1.1319582570772693
Adelie,Biscoe,41.3,21.1,195.0,4400.0,Male,False,False,False,False,False,4.4,871.43,1.9573459715639807,44.31818181818181,0,-1.5723258628177335,1.1789361309471107
Adelie,Biscoe,37.6,17.0,185.0,3600.0,Female,False,False,False,False,False,3.6,639.2,2.211764705882353,51.388888888888886,0,-1.3488576141993318,-0.8639307547061075
Adelie,Biscoe,41.1,18.2,192.0,4050.0,Male,False,False,False,False,False,4.05,748.02,2.258241758241758,47.40740740740741,0,-0.9777316618882876,0.0367347612662552
Adelie,Biscoe,36.4,17.1,184.0,2850.0,Female,False,False,False,False,False,2.85,622.44,2.1286549707602336,64.56140350877193,0,-1.543569447408026,-0.9733198652671726
Adelie,Biscoe,41.6,18.0,192.0,3950.0,Male,False,False,False,False,False,3.95,748.8000000000001,2.311111111111112,48.60759493670886,0,-0.8749257811123126,0.020621157814927592
Adelie,Biscoe,35.5,16.2,195.0,3350.0,Female,False,False,False,False,False,3.35,575.1,2.191358024691358,58.208955223880594,0,-0.8827703214312133,-1.3983918729830875
Adelie,Biscoe,41.1,19.1,188.0,4100.0,Male,False,False,False,False,False,4.1,785.0100000000001,2.1518324607329844,45.85365853658537,0,-1.40048618128181,0.37100778760624914
Adelie,Torgersen,35.9,16.6,190.0,3050.0,Female,False,False,False,False,False,3.05,595.94,2.1626506024096384,62.29508196721312,0,-1.181685023186806,-1.2097571070630035
Adelie,Torgersen,41.8,19.4,198.0,4450.0,Male,False,False,False,False,False,4.45,810.9199999999998,2.154639175257732,44.49438202247191,0,-0.9373937599938512,0.596258645791809
Adelie,Torgersen,33.5,19.0,190.0,3600.0,Female,False,False,False,False,False,3.6,636.5,1.763157894736842,52.77777777777778,0,-2.0505312858254037,-0.5810940878220503
Adelie,Torgersen,39.7,18.4,190.0,3900.0,Male,False,False,False,False,False,3.9,730.48,2.1576086956521743,48.71794871794872,0,-1.2658152431187006,-0.06112685490448133
Adelie,Torgersen,39.6,17.2,196.0,3550.0,Female,False,False,False,False,False,3.55,681.12,2.302325581395349,55.21126760563381,0,-0.6809193511839822,-0.5171991254643418
Adelie,Torgersen,45.8,18.9,197.0,4150.0,Male,False,False,False,False,False,4.15,865.6199999999999,2.4232804232804237,47.46987951807228,2,-0.44872963568281626,0.8859201631969184
Adelie,Torgersen,35.5,17.5,190.0,3700.0,Female,False,False,False,False,False,3.7,621.25,2.0285714285714285,51.35135135135135,0,-1.456832329082793,-0.9135501723719489
Adelie,Torgersen,42.8,18.5,195.0,4250.0,Male,False,False,False,False,False,4.25,791.8,2.3135135135135134,45.88235294117647,0,-0.7425498386649229,0.364876261322877
Adelie,Torgersen,40.9,16.8,191.0,3700.0,Female,False,False,False,False,False,3.7,687.12,2.4345238095238093,51.62162162162162,0,-0.6800846235413449,-0.526027038796103
Adelie,Torgersen,37.2,19.4,184.0,3900.0,Male,False,False,False,False,False,3.9,721.68,1.9175257731958768,47.17948717948718,0,-2.0620595183570627,0.003990336854729219
Adelie,Torgersen,36.2,16.1,187.0,3550.0,Female,False,False,False,False,False,3.55,582.82,2.248447204968944,52.67605633802817,0,-1.1620508378537353,-1.3726373031438612
Adelie,Torgersen,42.1,19.1,195.0,4000.0,Male,False,False,False,False,False,4.0,804.1100000000001,2.2041884816753927,48.75,0,-0.9698954128432696,0.509950355637977
Adelie,Torgersen,34.6,17.2,189.0,3200.0,Female,False,False,False,False,False,3.2,595.12,2.011627906976744,59.0625,0,-1.5168704603704173,-1.139808113301646
Adelie,Torgersen,42.9,17.6,196.0,4700.0,Male,False,False,False,False,False,4.7,755.0400000000001,2.4375,41.70212765957447,0,-0.4507687464319467,0.034969482729309526
Adelie,Torgersen,36.7,18.8,187.0,3800.0,Female,False,False,False,False,False,3.8,689.96,1.952127659574468,49.21052631578947,0,-1.815214610723842,-0.2784582706533276
Adelie,Torgersen,35.1,19.4,193.0,4200.0,Male,False,False,False,False,False,4.2,680.9399999999999,1.809278350515464,45.95238095238095,0,-1.8515513902119791,-0.2267582952970555
Adelie,Dream,37.3,17.8,191.0,3350.0,Female,False,False,False,False,False,3.35,663.9399999999999,2.095505617977528,57.014925373134325,0,-1.3055881211268925,-0.5784672869859974
Adelie,Dream,41.3,20.3,194.0,3550.0,Male,False,False,False,False,False,3.55,838.39,2.034482758620689,54.647887323943664,0,-1.4108183219808603,0.8700733696561057
Adelie,Dream,36.3,19.5,190.0,3800.0,Male,False,False,False,False,False,3.8,707.8499999999999,1.8615384615384611,50.0,0,-1.8971186427580986,-0.05109782914058437
Adelie,Dream,36.9,18.6,189.0,3500.0,Female,False,False,False,False,False,3.5,686.34,1.9838709677419355,54.0,0,-1.6487391317177977,-0.3256965804242642
Adelie,Dream,38.3,19.2,189.0,3950.0,Male,False,False,False,False,False,3.95,735.3599999999999,1.9947916666666663,47.848101265822784,0,-1.6632705270034995,0.07330238428876147
Adelie,Dream,38.9,18.8,190.0,3600.0,Female,False,False,False,False,False,3.6,731.32,2.0691489361702127,52.77777777777778,0,-1.4511589876332576,-0.00471632701154647
Adelie,Dream,35.7,18.0,202.0,3550.0,Female,False,False,False,False,False,3.55,642.6,1.9833333333333332,56.90140845070423,0,-1.0024741647846476,-0.6670354355692498
Adelie,Dream,41.1,18.1,205.0,4300.0,Male,False,False,False,False,False,4.3,743.9100000000001,2.270718232044199,47.674418604651166,0,-0.3401981881869917,0.0319255968805059
Adelie,Dream,34.0,17.1,185.0,3400.0,Female,False,False,False,False,False,3.4,581.4000000000001,1.9883040935672516,54.41176470588236,0,-1.7397498399636817,-1.2609445795676135
Adelie,Dream,39.6,18.1,186.0,4450.0,Male,False,False,False,False,False,4.45,716.7600000000001,2.187845303867403,41.79775280898876,0,-1.38588874193599,-0.19837692462177653
Adelie,Dream,36.2,17.3,187.0,3300.0,Female,False,False,False,False,False,3.3,626.2600000000001,2.092485549132948,56.66666666666667,0,-1.4748658669486656,-0.9132058675817118
Adelie,Dream,40.8,18.9,208.0,4300.0,Male,False,False,False,False,False,4.3,771.1199999999999,2.1587301587301586,48.372093023255815,0,-0.4380361307937943,0.3096636518519003
Adelie,Dream,38.1,18.6,190.0,3700.0,Female,False,False,False,False,False,3.7,708.6600000000001,2.048387096774193,51.35135135135135,0,-1.480095217600348,-0.1780215168996862
Adelie,Dream,40.3,18.5,196.0,4350.0,Male,False,False,False,False,False,4.35,745.55,2.1783783783783783,45.05747126436782,0,-0.9488642397392761,0.0651598865272963
Adelie,Dream,33.1,16.1,178.0,2900.0,Female,False,False,False,False,False,2.9,532.9100000000001,2.0559006211180124,61.37931034482759,0,-1.8995274089710823,-1.7706550167393265
Adelie,Dream,43.2,18.5,192.0,4100.0,Male,False,False,False,False,False,4.1,799.2,2.3351351351351357,46.82926829268293,0,-0.8431212402693756,0.4055174905547209
Adelie,Biscoe,35.0,17.9,192.0,3725.0,Female,False,False,False,False,False,3.725,626.5,1.9553072625698324,51.54362416107382,0,-1.5177024242550943,-0.815714387827787
Adelie,Biscoe,41.0,20.0,203.0,4725.0,Male,False,False,False,False,False,4.725,820.0,2.05,42.96296296296297,0,-0.939694283225491,0.7421167675262933
Adelie,Biscoe,37.7,16.0,183.0,3075.0,Female,False,False,False,False,False,3.075,603.2,2.35625,59.512195121951216,0,-1.1721160385543539,-1.239848899011902
Adelie,Biscoe,37.8,20.0,190.0,4250.0,Male,False,False,False,False,False,4.25,756.0,1.89,44.70588235294117,0,-1.8754481104338592,0.32170684310406933
Adelie,Biscoe,37.9,18.6,193.0,2925.0,Female,False,False,False,False,False,2.925,704.94,2.0376344086021505,65.98290598290599,0,-1.3592557989585001,-0.19447942514125102
Adelie,Biscoe,39.7,18.9,184.0,3550.0,Male,False,False,False,False,False,3.55,750.33,2.100529100529101,51.83098591549296,0,-1.6783697099334074,0.1148520844156523
Adelie,Biscoe,38.6,17.2,199.0,3750.0,Female,False,False,False,False,False,3.75,663.92,2.244186046511628,53.06666666666667,0,-0.6411520006917131,-0.6303903176670215
Adelie,Biscoe,38.2,20.0,190.0,3900.0,Male,False,False,False,False,False,3.9,764.0,1.91,48.71794871794872,0,-1.834912076359069,0.3700734850846276
Adelie,Biscoe,38.1,17.0,181.0,3175.0,Female,False,False,False,False,False,3.175,647.7,2.2411764705882358,57.00787401574804,0,-1.4863308191781688,-0.8137730025620297
Adelie,Biscoe,43.2,19.0,197.0,4775.0,Male,False,False,False,False,False,4.775,820.8000000000001,2.273684210526316,41.2565445026178,2,-0.738281776260192,0.6098229432868072
Adelie,Biscoe,38.1,16.5,198.0,3825.0,Female,False,False,False,False,False,3.825,628.65,2.309090909090909,51.76470588235294,0,-0.5563824215395715,-0.9614254284702104
Adelie,Biscoe,45.6,20.3,191.0,4600.0,Male,False,False,False,False,False,4.6,925.68,2.246305418719212,41.52173913043479,2,-1.1161633913561158,1.3822893581983866
Adelie,Biscoe,39.7,17.7,193.0,3200.0,Female,False,False,False,False,False,3.2,702.69,2.2429378531073447,60.3125,0,-0.9422323738007485,-0.321403112900354
Adelie,Biscoe,42.2,19.5,197.0,4275.0,Male,False,False,False,False,False,4.275,822.9000000000001,2.1641025641025644,46.08187134502924,0,-0.9699614569033869,0.6803361031529755
Adelie,Biscoe,39.6,20.7,191.0,3900.0,Female,False,False,False,False,False,3.9,819.72,1.9130434782608696,48.97435897435898,0,-1.8284755788429343,0.809933540344071
Adelie,Biscoe,42.7,18.3,196.0,4075.0,Male,False,False,False,False,False,4.075,781.4100000000001,2.333333333333333,48.09815950920245,0,-0.6535121971080504,0.27878783248361827
Adelie,Torgersen,38.6,17.0,188.0,2900.0,Female,False,False,False,False,False,2.9,656.2,2.2705882352941176,64.82758620689656,0,-1.1064100933331151,-0.735288737005999
Adelie,Torgersen,37.3,20.5,199.0,3775.0,Male,False,False,False,False,False,3.775,764.65,1.819512195121951,52.71523178807947,0,-1.6331354414458386,0.47585454369207775
Adelie,Torgersen,35.7,17.0,189.0,3350.0,Female,False,False,False,False,False,3.35,606.9000000000001,2.1,56.4179104477612,0,-1.3532605284822579,-1.0833717537821368
Adelie,Torgersen,41.1,18.6,189.0,3325.0,Male,False,False,False,False,False,3.325,764.46,2.2096774193548385,56.84210526315789,0,-1.223110773932508,0.1821531603715915
Adelie,Torgersen,36.2,17.2,187.0,3150.0,Female,False,False,False,False,False,3.15,622.64,2.104651162790698,59.36507936507937,0,-1.448797947857421,-0.9514918205452249
Adelie,Torgersen,37.7,19.8,198.0,3500.0,Male,False,False,False,False,False,3.5,746.46,1.904040404040404,56.57142857142857,0,-1.4571597856254204,0.25364437734514433
Adelie,Torgersen,40.2,17.0,176.0,3450.0,Female,False,False,False,False,False,3.45,683.4000000000001,2.364705882352941,51.01449275362319,0,-1.5086956997509284,-0.5727238200786257
Adelie,Torgersen,41.4,18.5,202.0,3875.0,Male,False,False,False,False,False,3.875,765.9,2.2378378378378376,52.12903225806452,0,-0.5551752746751193,0.21361897747125885
Adelie,Torgersen,35.2,15.9,186.0,3050.0,Female,False,False,False,False,False,3.05,559.6800000000001,2.2138364779874213,60.98360655737705,0,-1.2582908967513011,-1.5727009516051857
Adelie,Torgersen,40.6,19.0,199.0,4000.0,Male,False,False,False,False,False,4.0,771.4,2.136842105263158,49.75,0,-0.9076943739601617,0.3005900455789918
Adelie,Torgersen,38.8,17.6,191.0,3275.0,Female,False,False,False,False,False,3.275,682.88,2.204545454545454,58.3206106870229,0,-1.1014421551639437,-0.47366428548593065
Adelie,Torgersen,41.5,18.3,195.0,4300.0,Male,False,False,False,False,False,4.3,759.45,2.26775956284153,45.34883720930232,0,-0.8221561112255,0.13111276895904014
Adelie,Torgersen,39.0,17.1,191.0,3050.0,Female,False,False,False,False,False,3.05,666.9000000000001,2.280701754385965,62.62295081967213,0,-0.9508345426703276,-0.6409107293132141
Adelie,Torgersen,44.1,18.0,210.0,4000.0,Male,False,False,False,False,False,4.0,793.8000000000001,2.45,52.5,2,0.22506904593057878,0.3692651466856995
Adelie,Torgersen,38.5,17.9,190.0,3325.0,Female,False,False,False,False,False,3.325,689.15,2.150837988826816,57.14285714285714,0,-1.2570837498868483,-0.39765654566371716
Adelie,Torgersen,43.1,19.2,197.0,3500.0,Male,False,False,False,False,False,3.5,827.52,2.244791666666667,56.285714285714285,2,-0.8005516229613778,0.6743031887186923
Adelie,Dream,36.8,18.5,193.0,3500.0,Female,False,False,False,False,False,3.5,680.8,1.989189189189189,55.142857142857146,0,-1.4446619735729267,-0.36577364355129766
Adelie,Dream,37.5,18.5,199.0,4475.0,Male,False,False,False,False,False,4.475,693.75,2.027027027027027,44.46927374301677,0,-1.0915090425835594,-0.2656811945878926
Adelie,Dream,38.1,17.6,187.0,3425.0,Female,False,False,False,False,False,3.425,670.5600000000001,2.164772727272727,54.5985401459854,0,-1.3605234623671487,-0.5686064592835254
Adelie,Dream,41.1,17.5,190.0,3900.0,Male,False,False,False,False,False,3.9,719.25,2.3485714285714288,48.71794871794872,0,-0.8893278520357403,-0.23641718464414152
Adelie,Dream,35.6,17.5,191.0,3175.0,Female,False,False,False,False,False,3.175,623.0,2.0342857142857143,60.15748031496064,0,-1.3996625086710146,-0.8988833742939046
Adelie,Dream,40.2,20.1,200.0,3975.0,Male,False,False,False,False,False,3.975,808.0200000000001,2.0,50.31446540880503,0,-1.1879417061455568,0.675944023779977
Adelie,Dream,37.0,16.5,185.0,3400.0,Female,False,False,False,False,False,3.4,610.5,2.242424242424242,54.41176470588236,0,-1.279322069855295,-1.1279104824945068
Adelie,Dream,39.7,17.9,193.0,4250.0,Male,False,False,False,False,False,4.25,710.63,2.217877094972067,45.41176470588236,0,-0.9943682119832369,-0.24483120697332933
Adelie,Dream,40.2,17.1,193.0,3400.0,Female,False,False,False,False,False,3.4,687.4200000000001,2.350877192982456,56.76470588235294,0,-0.735154816659797,-0.490660528205731
Adelie,Dream,40.6,17.2,187.0,3475.0,Male,False,False,False,False,False,3.475,698.32,2.36046511627907,53.81294964028777,0,-1.0029015730347368,-0.4194587587590906
Adelie,Dream,32.1,15.5,188.0,3050.0,Female,False,False,False,False,False,3.05,497.55,2.070967741935484,61.63934426229508,0,-1.3741018606797808,-2.0955359636427477
Adelie,Dream,40.7,17.0,190.0,3725.0,Male,False,False,False,False,False,3.725,691.9000000000001,2.394117647058824,51.00671140939597,0,-0.7995242906543084,-0.4762135914422614
Adelie,Dream,37.3,16.8,192.0,3000.0,Female,False,False,False,False,False,3.0,626.64,2.220238095238095,64.0,0,-0.9978731183213694,-0.9587516790382173
Adelie,Dream,39.0,18.7,185.0,3650.0,Male,False,False,False,False,False,3.65,729.3,2.085561497326203,50.68493150684932,0,-1.6501361194887203,-0.043786307394443995
Adelie,Dream,39.2,18.6,190.0,4250.0,Male,False,False,False,False,False,4.25,729.1200000000001,2.10752688172043,44.70588235294117,0,-1.3686211238946766,-0.04501325145315233
Adelie,Dream,36.6,18.4,184.0,3475.0,Female,False,False,False,False,False,3.475,673.4399999999999,1.9891304347826089,52.94964028776978,0,-1.862184378556805,-0.4514191557512322
Adelie,Dream,36.0,17.8,195.0,3450.0,Female,False,False,False,False,False,3.45,640.8000000000001,2.02247191011236,56.52173913043478,0,-1.2491869842976342,-0.7253583230911901
Adelie,Dream,37.8,18.1,193.0,3750.0,Male,False,False,False,False,False,3.75,684.18,2.0883977900552484,51.46666666666667,0,-1.2390502120209765,-0.39800085045395284
Adelie,Dream,36.0,17.1,187.0,3700.0,Female,False,False,False,False,False,3.7,615.6,2.1052631578947367,50.54054054054054,0,-1.4429980458035725,-1.0139610944990156
Adelie,Dream,41.5,18.5,201.0,4000.0,Male,False,False,False,False,False,4.0,767.75,2.2432432432432434,50.25,0,-0.5920770780495027,0.22313550038349364
Chinstrap,Dream,46.5,17.9,192.0,3500.0,Female,False,False,False,False,False,3.5,832.3499999999999,2.597765363128492,54.85714285714285,2,-0.352291444604897,0.5748265691132458
Chinstrap,Dream,50.0,19.5,196.0,3900.0,Male,False,False,False,False,False,3.9,975.0,2.5641025641025643,50.256410256410255,2,-0.22654460433807325,1.6209104841909447
Chinstrap,Dream,51.3,19.2,193.0,3650.0,Male,False,False,False,False,False,3.65,984.96,2.671875,52.87671232876713,2,-0.15770617200051767,1.655518798988505
Chinstrap,Dream,45.4,18.7,188.0,3525.0,Female,False,False,False,False,False,3.525,848.9799999999999,2.427807486631016,53.333333333333336,2,-0.860452138612846,0.7378053770431929
Chinstrap,Dream,52.7,19.8,197.0,3725.0,Male,False,False,False,False,False,3.725,1043.46,2.6616161616161618,52.88590604026845,2,0.015905680286104208,2.064818314033152
Chinstrap,Dream,45.2,17.8,198.0,3950.0,Female,False,False,False,False,False,3.95,804.5600000000001,2.539325842696629,50.12658227848101,2,-0.17575076489823316,0.3947998552103509
Chinstrap,Dream,46.1,18.2,178.0,3250.0,Female,False,False,False,False,False,3.25,839.02,2.5329670329670333,54.76923076923077,2,-1.1295326024565524,0.6052658598625589
Chinstrap,Dream,51.3,18.2,197.0,3750.0,Male,False,False,False,False,False,3.75,933.66,2.8186813186813184,52.53333333333333,2,0.2911162664842484,1.2829598196849992
Chinstrap,Dream,46.0,18.9,195.0,4150.0,Female,False,False,False,False,False,4.15,869.4,2.433862433862434,46.98795180722891,2,-0.5225332424315833,0.904953209021388
Chinstrap,Dream,51.3,19.9,198.0,3700.0,Male,False,False,False,False,False,3.7,1020.87,2.577889447236181,53.51351351351351,2,-0.10500254617382224,1.9363961576476159
Chinstrap,Dream,46.6,17.8,193.0,3800.0,Female,False,False,False,False,False,3.8,829.48,2.617977528089888,50.78947368421053,2,-0.2690537051018749,0.5512074142277785
Chinstrap,Dream,51.7,20.3,194.0,3775.0,Male,False,False,False,False,False,3.775,1049.51,2.5467980295566504,51.3907284768212,2,-0.3568814360363335,2.1276060611506056
Chinstrap,Dream,47.0,17.3,185.0,3700.0,Female,False,False,False,False,False,3.7,813.1,2.7167630057803467,50.0,2,-0.474464570715512,0.38754319072753535
Chinstrap,Dream,52.0,18.1,201.0,4050.0,Male,False,False,False,False,False,4.05,941.2,2.87292817679558,49.62962962962963,2,0.5762654927786975,1.339616040519083
Chinstrap,Dream,45.9,17.1,190.0,3575.0,Female,False,False,False,False,False,3.575,784.89,2.6842105263157894,53.14685314685315,2,-0.2986237667732902,0.19083870726850083
Chinstrap,Dream,50.5,19.6,201.0,4050.0,Male,False,False,False,False,False,4.05,989.8,2.576530612244898,49.62962962962963,2,0.033236578629573854,1.732530427544679
Chinstrap,Dream,50.3,20.0,197.0,3300.0,Male,False,False,False,False,False,3.3,1006.0,2.515,59.6969696969697,2,-0.2794463623451216,1.8511903680768298
Chinstrap,Dream,58.0,17.8,181.0,3700.0,Female,False,False,False,False,False,3.7,1032.4,3.258426966292135,48.91891891891892,2,0.32179352331265343,1.898755059678814
Chinstrap,Dream,46.4,18.6,190.0,3450.0,Female,False,False,False,False,False,3.45,863.0400000000001,2.494623655913978,55.07246376811594,2,-0.6389725105484667,0.8255863041968851
Chinstrap,Dream,49.2,18.2,195.0,4400.0,Male,False,False,False,False,False,4.4,895.44,2.7032967032967035,44.31818181818181,2,-0.015769536194557766,1.0238846741212624
Chinstrap,Dream,42.4,17.3,181.0,3600.0,Female,False,False,False,False,False,3.6,733.52,2.450867052023121,50.27777777777778,0,-1.128772210147915,-0.17897374238049726
Chinstrap,Dream,48.5,17.5,191.0,3400.0,Male,False,False,False,False,False,3.4,848.75,2.771428571428572,56.1764705882353,2,-0.09237540975905405,0.66094082957908
Chinstrap,Dream,43.2,16.6,187.0,2900.0,Female,False,False,False,False,False,2.9,717.1200000000001,2.602409638554217,64.48275862068965,0,-0.5830098370011405,-0.3347913036665397
Chinstrap,Dream,50.6,19.4,193.0,3800.0,Male,False,False,False,False,False,3.8,981.64,2.6082474226804124,50.78947368421053,2,-0.28078006981388703,1.6474490814495542
Chinstrap,Dream,46.7,17.9,195.0,3300.0,Female,False,False,False,False,False,3.3,835.93,2.608938547486034,59.09090909090909,2,-0.19091599188825914,0.6067353028522394
Chinstrap,Dream,52.0,19.0,197.0,4150.0,Male,False,False,False,False,False,4.15,988.0,2.736842105263158,47.46987951807228,2,0.15351097338517622,1.6738890668590756
Chinstrap,Dream,50.5,18.4,200.0,3400.0,Female,False,False,False,False,False,3.4,929.2,2.7445652173913047,58.82352941176471,2,0.2990157958314243,1.2705238543996231
Chinstrap,Dream,49.5,19.0,200.0,3800.0,Male,False,False,False,False,False,3.8,940.5,2.6052631578947367,52.631578947368425,2,0.041268196096984906,1.3793229672293044
Chinstrap,Dream,46.4,17.8,191.0,3700.0,Female,False,False,False,False,False,3.7,825.92,2.606741573033708,51.62162162162162,2,-0.3833933459254318,0.5218738180716898
Chinstrap,Dream,52.8,20.0,205.0,4550.0,Male,False,False,False,False,False,4.55,1056.0,2.64,45.05494505494506,2,0.35019034576696034,2.174082981118554
Chinstrap,Dream,40.9,16.6,187.0,3200.0,Female,False,False,False,False,False,3.2,678.94,2.4638554216867465,58.4375,0,-0.8160920329311805,-0.6128994950547468
Chinstrap,Dream,54.2,20.8,201.0,4300.0,Male,False,False,False,False,False,4.3,1127.36,2.605769230769231,46.74418604651163,2,0.09537986472644641,2.6393533014269877
Chinstrap,Dream,42.5,16.7,187.0,3350.0,Female,False,False,False,False,False,3.35,709.75,2.5449101796407185,55.82089552238806,0,-0.6800158157232661,-0.3811469741690043
Chinstrap,Dream,51.0,18.8,203.0,4100.0,Male,False,False,False,False,False,4.1,958.8,2.7127659574468086,49.51219512195122,2,0.3865215977391765,1.4918513814780854
Chinstrap,Dream,49.7,18.6,195.0,3600.0,Male,False,False,False,False,False,3.6,924.42,2.672043010752688,54.16666666666666,2,-0.06937116996604835,1.2374867884510101
Chinstrap,Dream,47.5,16.8,199.0,3900.0,Female,False,False,False,False,False,3.9,798.0,2.827380952380952,51.02564102564103,2,0.3650464338373292,0.29262365454633715
Chinstrap,Dream,47.6,18.3,195.0,3850.0,Female,False,False,False,False,False,3.85,871.08,2.601092896174863,50.64935064935065,2,-0.2039815915849604,0.8687040591625447
Chinstrap,Dream,52.0,20.7,210.0,4800.0,Male,False,False,False,False,False,4.8,1076.4,2.5120772946859904,43.75,2,0.32182190344407713,2.35822705581655
Chinstrap,Dream,46.9,16.6,192.0,2700.0,Female,False,False,False,False,False,2.7,778.5400000000001,2.8253012048192767,71.1111111111111,2,0.027127537656066448,0.1254758225681422
Chinstrap,Dream,53.5,19.9,205.0,4500.0,Male,False,False,False,False,False,4.5,1064.65,2.6884422110552766,45.55555555555556,2,0.4471963244890868,2.220438651621017
Chinstrap,Dream,49.0,19.5,210.0,3950.0,Male,False,False,False,False,False,3.95,955.5,2.5128205128205128,53.16455696202532,2,0.3306166769780864,1.536045805400218
Chinstrap,Dream,46.2,17.5,187.0,3650.0,Female,False,False,False,False,False,3.65,808.5,2.64,51.23287671232877,2,-0.5136008532614171,0.37253208785925457
Chinstrap,Dream,50.9,19.1,196.0,3550.0,Male,False,False,False,False,False,3.55,972.19,2.664921465968586,55.21126760563381,2,-0.031066851304820495,1.57659161679315
Chinstrap,Dream,45.5,17.0,196.0,3500.0,Female,False,False,False,False,False,3.5,773.5,2.676470588235294,56.0,2,-0.030877010398349322,0.11963693782185912
Chinstrap,Dream,50.9,17.9,196.0,3675.0,Female,False,False,False,False,False,3.675,911.11,2.8435754189944134,53.333333333333336,2,0.2817481777901109,1.117160181230999
Chinstrap,Dream,50.8,18.5,201.0,4450.0,Male,False,False,False,False,False,4.45,939.8,2.745945945945946,45.16853932584269,2,0.3503857141893523,1.3476599264314588
Chinstrap,Dream,50.1,17.9,190.0,3400.0,Female,False,False,False,False,False,3.4,896.79,2.7988826815642462,55.88235294117647,2,-0.08153876171795343,1.0049760717724552
Chinstrap,Dream,49.0,19.6,212.0,4300.0,Male,False,False,False,False,False,4.3,960.4,2.5,49.30232558139535,2,0.3986203816730038,1.5794820335295403
Chinstrap,Dream,51.5,18.7,187.0,3250.0,Male,False,False,False,False,False,3.25,963.05,2.7540106951871657,57.53846153846154,2,-0.2893134308653872,1.4728215296637928
Chinstrap,Dream,49.8,17.3,198.0,3675.0,Female,False,False,False,False,False,3.675,861.54,2.8786127167630053,53.87755102040816,2,0.42075322241806634,0.759586473169201
Chinstrap,Dream,48.1,16.4,199.0,3325.0,Female,False,False,False,False,False,3.325,788.8399999999999,2.932926829268293,59.849624060150376,2,0.530122161314491,0.21202980566312316
Chinstrap,Dream,51.4,19.0,201.0,3950.0,Male,False,False,False,False,False,3.95,976.6,2.705263157894737,50.88607594936709,2,0.2808501698453157,1.611639654219858
Chinstrap,Dream,45.7,17.3,193.0,3600.0,Female,False,False,False,False,False,3.6,790.6100000000001,2.6416184971098264,53.61111111111111,2,-0.22992018631392996,0.2509527049539616
Chinstrap,Dream,50.7,19.7,203.0,4050.0,Male,False,False,False,False,False,4.05,998.79,2.5736040609137056,50.123456790123456,2,0.12150830036188714,1.8001499766642794
Chinstrap,Dream,42.5,17.3,187.0,3350.0,Female,False,False,False,False,False,3.35,735.25,2.4566473988439306,55.82089552238806,0,-0.8364233302707318,-0.1514312563879289
Chinstrap,Dream,52.2,18.8,197.0,3450.0,Male,False,False,False,False,False,3.45,981.36,2.776595744680851,57.10144927536231,2,0.22591482860505946,1.62150048192233
Chinstrap,Dream,45.2,16.6,191.0,3250.0,Female,False,False,False,False,False,3.25,750.3200000000002,2.7228915662650603,58.76923076923077,2,-0.1921864190548693,-0.08265754343213218
Chinstrap,Dream,49.3,19.9,203.0,4050.0,Male,False,False,False,False,False,4.05,981.0699999999998,2.477386934673367,50.123456790123456,2,-0.07250365708236488,1.7074386356593516
Chinstrap,Dream,50.2,18.8,202.0,3800.0,Male,False,False,False,False,False,3.8,943.76,2.670212765957447,53.15789473684211,2,0.2584137176965169,1.3925429599340657
Chinstrap,Dream,45.6,19.4,194.0,3525.0,Female,False,False,False,False,False,3.525,884.64,2.350515463917526,55.0354609929078,2,-0.7404446838556746,1.0454411942754882
Chinstrap,Dream,51.9,19.5,206.0,3950.0,Male,False,False,False,False,False,3.95,1012.05,2.6615384615384614,52.151898734177216,2,0.4363596764479862,1.8764034094276414
Chinstrap,Dream,46.8,16.5,189.0,3650.0,Female,False,False,False,False,False,3.65,772.1999999999999,2.836363636363636,51.78082191780822,2,-0.09804598745062934,0.06737279636077516
Chinstrap,Dream,45.7,17.0,195.0,3650.0,Female,False,False,False,False,False,3.65,776.9000000000001,2.6882352941176477,53.42465753424658,2,-0.05764480525403524,0.14124512122923347
Chinstrap,Dream,55.8,19.8,207.0,4000.0,Male,False,False,False,False,False,4.0,1104.84,2.818181818181818,51.75,2,0.8004180632965314,2.4654111652115214
Chinstrap,Dream,43.5,18.1,202.0,3400.0,Female,False,False,False,False,False,3.4,787.35,2.403314917127072,59.41176470588236,2,-0.23808941941749776,0.3144000360151374
Chinstrap,Dream,49.6,18.2,193.0,3775.0,Male,False,False,False,False,False,3.775,902.72,2.7252747252747254,51.12582781456954,2,-0.0693051259059303,1.0671010409360107
Chinstrap,Dream,50.8,19.0,210.0,4100.0,Male,False,False,False,False,False,4.1,965.2,2.673684210526316,51.21951219512196,2,0.6433684257708597,1.5622659294951646
Chinstrap,Dream,50.2,18.7,198.0,3775.0,Female,False,False,False,False,False,3.775,938.74,2.6844919786096257,52.450331125827816,2,0.09633838921543768,1.3439564566389335
Gentoo,Biscoe,46.1,13.2,211.0,4500.0,Female,False,False,False,False,False,4.5,608.52,3.4924242424242427,46.888888888888886,1,1.72604514457733,-1.224052248077207
Gentoo,Biscoe,50.0,16.3,230.0,5700.0,Male,False,False,False,False,False,5.7,815.0,3.067484662576687,40.35087719298245,1,2.206846410946494,0.483314667177309
Gentoo,Biscoe,48.7,14.1,210.0,4450.0,Female,False,False,False,False,False,4.45,686.6700000000001,3.4539007092198584,47.19101123595505,1,1.7078822823491826,-0.567670636114874
Gentoo,Biscoe,50.0,15.2,218.0,5700.0,Male,False,False,False,False,False,5.7,760.0,3.2894736842105265,38.24561403508772,1,1.9291637782332094,0.031267533583813574
Gentoo,Biscoe,47.6,14.5,215.0,5400.0,Male,False,False,False,False,False,5.4,690.2,3.282758620689655,39.81481481481481,1,1.7273155717439392,-0.5346594017928339
Gentoo,Biscoe,46.5,13.5,210.0,4550.0,Female,False,False,False,False,False,4.55,627.75,3.4444444444444446,46.15384615384615,1,1.6413416094853055,-1.0634028847890162
Gentoo,Biscoe,45.4,14.6,211.0,4800.0,Female,False,False,False,False,False,4.8,662.8399999999999,3.1095890410958904,43.958333333333336,1,1.2901562176690289,-0.7726905300540081
Gentoo,Biscoe,46.7,15.3,219.0,5200.0,Male,False,False,False,False,False,5.2,714.5100000000001,3.0522875816993467,42.11538461538461,1,1.615709389918033,-0.32689617220936906
Gentoo,Biscoe,43.3,13.4,209.0,4400.0,Female,False,False,False,False,False,4.4,580.22,3.231343283582089,47.49999999999999,1,1.2960854440851524,-1.4911971111798952
Gentoo,Biscoe,46.8,15.4,215.0,5150.0,Male,False,False,False,False,False,5.15,720.72,3.038961038961039,41.74757281553398,1,1.4116322317731615,-0.2868191090823371
Gentoo,Biscoe,40.9,13.7,214.0,4650.0,Female,False,False,False,False,False,4.65,560.3299999999999,2.985401459854015,46.02150537634408,1,1.209844541828088,-1.65366341625818
Gentoo,Biscoe,49.0,16.1,216.0,5550.0,Male,False,False,False,False,False,5.55,788.9000000000001,3.043478260869565,38.91891891891892,1,1.4991407974388753,0.24977423013822297
Gentoo,Biscoe,45.5,13.7,214.0,4650.0,Female,False,False,False,False,False,4.65,623.35,3.321167883211679,46.02150537634408,1,1.6760089336881672,-1.0974470334817665
Gentoo,Biscoe,48.4,14.6,213.0,5850.0,Male,False,False,False,False,False,5.85,706.64,3.315068493150685,36.410256410256416,1,1.6882480970161118,-0.404790440034016
Gentoo,Biscoe,45.8,14.6,210.0,4200.0,Female,False,False,False,False,False,4.2,668.68,3.136986301369863,50.0,1,1.2836564398507373,-0.7268990256563554
Gentoo,Biscoe,49.3,15.7,217.0,5850.0,Male,False,False,False,False,False,5.85,774.0099999999999,3.140127388535032,37.0940170940171,1,1.6808503112530253,0.1354805373524949
Gentoo,Biscoe,42.0,13.5,210.0,4150.0,Female,False,False,False,False,False,4.15,567.0,3.111111111111111,50.60240963855421,1,1.1853112261439238,-1.60752760707029
Gentoo,Biscoe,49.2,15.2,221.0,6300.0,Male,False,False,False,False,False,6.3,747.84,3.2368421052631584,35.07936507936508,1,1.9891991457628737,-0.05774033762858705
Gentoo,Biscoe,46.2,14.5,209.0,4800.0,Female,False,False,False,False,False,4.8,669.9000000000001,3.1862068965517243,43.54166666666667,1,1.3032245811236904,-0.7193934742222143
Gentoo,Biscoe,48.7,15.1,222.0,5350.0,Male,False,False,False,False,False,5.35,735.37,3.2251655629139075,41.49532710280374,1,2.0116328341537115,-0.15390945548489174
Gentoo,Biscoe,50.2,14.3,218.0,5700.0,Male,False,False,False,False,False,5.7,717.8600000000001,3.5104895104895104,38.24561403508772,1,2.184043067091802,-0.289122722097519
Gentoo,Biscoe,45.1,14.5,215.0,5000.0,Female,False,False,False,False,False,5.0,653.95,3.110344827586207,43.0,1,1.473965358776505,-0.8369509141713193
Gentoo,Biscoe,46.5,14.5,213.0,4400.0,Female,False,False,False,False,False,4.4,674.25,3.206896551724138,48.40909090909091,1,1.521769854252106,-0.6728179424051772
Gentoo,Biscoe,46.3,15.8,215.0,5050.0,Male,False,False,False,False,False,5.05,731.54,2.9303797468354427,42.57425742574257,1,1.256690512814698,-0.1941335997039842
Gentoo,Biscoe,42.9,13.1,215.0,5000.0,Female,False,False,False,False,False,5.0,561.99,3.2748091603053435,43.0,1,1.6159680386425817,-1.6389707865535614
Gentoo,Biscoe,46.1,15.1,215.0,5100.0,Male,False,False,False,False,False,5.1,696.11,3.0529801324503314,42.15686274509804,1,1.4188979294160133,-0.48631859143885026
Gentoo,Biscoe,44.5,14.3,216.0,4100.0,Unknown,False,False,False,False,False,4.1,636.35,3.111888111888112,52.6829268292683,1,1.5123329577398898,-0.9834976454862757
Gentoo,Biscoe,47.8,15.0,215.0,5650.0,Male,False,False,False,False,False,5.65,717.0,3.1866666666666665,38.05309734513274,1,1.6172439933251122,-0.319046315984993
Gentoo,Biscoe,48.2,14.3,210.0,4600.0,Female,False,False,False,False,False,4.6,689.2600000000001,3.370629370629371,45.65217391304349,1,1.605076401573207,-0.5515570326635458
Gentoo,Biscoe,50.0,15.3,220.0,5550.0,Male,False,False,False,False,False,5.55,765.0,3.2679738562091503,39.63963963963964,1,1.9971674829281267,0.07470376171313615
Gentoo,Biscoe,47.3,15.3,222.0,5250.0,Male,False,False,False,False,False,5.25,723.6899999999999,3.091503267973856,42.285714285714285,1,1.8176208767094593,-0.24662079648981888
Gentoo,Biscoe,42.8,14.2,209.0,4700.0,Female,False,False,False,False,False,4.7,607.7599999999999,3.014084507042253,44.46808510638298,1,1.0368720487617122,-1.2453677899474929
Gentoo,Biscoe,45.1,14.5,207.0,5050.0,Female,False,False,False,False,False,5.05,653.95,3.110344827586207,40.990099009901,1,1.0976788636318573,-0.8575520148345577
Gentoo,Biscoe,59.6,17.0,230.0,6050.0,Male,False,False,False,False,False,6.05,1013.2,3.5058823529411764,38.01652892561984,1,2.9972357951027324,1.9121157454552802
Gentoo,Biscoe,49.1,14.8,220.0,5150.0,Female,False,False,False,False,False,5.15,726.6800000000001,3.3175675675675675,42.71844660194174,1,2.0363010017160716,-0.22555094756068086
Gentoo,Biscoe,48.4,16.3,220.0,5400.0,Male,False,False,False,False,False,5.4,788.92,2.969325153374233,40.74074074074074,1,1.5743441557165265,0.2640967234260302
Gentoo,Biscoe,42.6,13.7,213.0,4950.0,Female,False,False,False,False,False,4.95,583.62,3.109489051094891,43.03030303030303,1,1.3350868747528628,-1.4506803254237144
Gentoo,Biscoe,44.4,17.3,219.0,5250.0,Male,False,False,False,False,False,5.25,768.12,2.566473988439306,41.71428571428572,1,0.8612688121631085,0.16071469567267344
Gentoo,Biscoe,44.0,13.6,208.0,4350.0,Female,False,False,False,False,False,4.35,598.4,3.235294117647059,47.816091954022994,1,1.2678518536404653,-1.332558719369799
Gentoo,Biscoe,48.7,15.7,208.0,5350.0,Male,False,False,False,False,False,5.35,764.59,3.101910828025478,38.8785046728972,1,1.1967239531031133,0.03975433613551592
Gentoo,Biscoe,42.7,13.7,208.0,3950.0,Female,False,False,False,False,False,3.95,584.99,3.1167883211678835,52.65822784810126,1,1.1100418238061556,-1.4514643528430988
Gentoo,Biscoe,49.6,16.0,225.0,5700.0,Male,False,False,False,False,False,5.7,793.6,3.1,39.47368421052632,1,2.009335074680033,0.3072144783916899
Gentoo,Biscoe,45.3,13.7,210.0,4300.0,Female,False,False,False,False,False,4.3,620.6099999999999,3.3065693430656933,48.83720930232558,1,1.4675976690784485,-1.131930904803665
Gentoo,Biscoe,49.6,15.0,216.0,4750.0,Male,False,False,False,False,False,4.75,744.0,3.306666666666666,45.47368421052632,1,1.8466919585547463,-0.09882128948957807
Gentoo,Biscoe,50.5,15.9,222.0,5550.0,Male,False,False,False,False,False,5.55,802.95,3.1761006289308176,40.0,1,1.9855016347603103,0.3700280571357177
Gentoo,Biscoe,43.6,13.9,217.0,4900.0,Female,False,False,False,False,False,4.9,606.0400000000001,3.1366906474820144,44.285714285714285,1,1.5724343693296714,-1.2428912642136758
Gentoo,Biscoe,45.5,13.9,210.0,4200.0,Female,False,False,False,False,False,4.2,632.45,3.273381294964029,50.0,1,1.435729847933355,-1.0311756778863603
Gentoo,Biscoe,50.5,15.9,225.0,5400.0,Male,False,False,False,False,False,5.4,802.95,3.1761006289308176,41.66666666666666,1,2.126609070439553,0.37775346988443204
Gentoo,Biscoe,44.9,13.3,213.0,5100.0,Female,False,False,False,False,False,5.1,597.17,3.37593984962406,41.76470588235294,1,1.6724407470478786,-1.3257159458895575
Gentoo,Biscoe,45.2,15.8,215.0,5300.0,Male,False,False,False,False,False,5.3,714.1600000000001,2.8607594936708862,40.56603773584906,1,1.1452164191090273,-0.3271418651505171
Gentoo,Biscoe,46.6,14.2,210.0,4850.0,Female,False,False,False,False,False,4.85,661.72,3.2816901408450705,43.29896907216495,1,1.4690001843652936,-0.7833095535492898
Gentoo,Biscoe,48.5,14.1,220.0,5300.0,Male,False,False,False,False,False,5.3,683.85,3.4397163120567376,41.50943396226416,1,2.157972384242597,-0.5661025812761051
Gentoo,Biscoe,45.1,14.4,210.0,4400.0,Female,False,False,False,False,False,4.4,649.44,3.1319444444444446,47.72727272727273,1,1.2648542184023444,-0.8881125550493555
Gentoo,Biscoe,50.1,15.0,225.0,5000.0,Male,False,False,False,False,False,5.0,751.5,3.3400000000000003,45.0,1,2.3206843081859616,-0.015186748767737923
Gentoo,Biscoe,46.5,14.4,217.0,4900.0,Female,False,False,False,False,False,4.9,669.6,3.2291666666666665,44.285714285714285,1,1.7359810209156739,-0.7008033450370702
Gentoo,Biscoe,45.0,15.4,220.0,5050.0,Male,False,False,False,False,False,5.05,693.0,2.922077922077922,43.56435643564357,1,1.464399137902014,-0.49159331008032225
Gentoo,Biscoe,43.8,13.9,208.0,4300.0,Female,False,False,False,False,False,4.3,608.8199999999999,3.151079136690647,48.372093023255815,1,1.1693800793293374,-1.2418841814695405
Gentoo,Biscoe,45.5,15.0,220.0,5000.0,Male,False,False,False,False,False,5.0,682.5,3.033333333333333,44.0,1,1.619340856860478,-0.5842788194586752
Gentoo,Biscoe,43.2,14.5,208.0,4450.0,Female,False,False,False,False,False,4.45,626.4000000000001,2.9793103448275864,46.741573033707866,1,0.9521685136696884,-1.0847184266593015
Gentoo,Biscoe,50.4,15.3,224.0,5550.0,Male,False,False,False,False,False,5.55,771.12,3.294117647058824,40.36036036036036,1,2.2258467645752398,0.13337095402531285
Gentoo,Biscoe,45.3,13.8,208.0,4200.0,Female,False,False,False,False,False,4.2,625.14,3.2826086956521734,49.52380952380952,1,1.3474581262010419,-1.0987952270059616
Gentoo,Biscoe,46.2,14.9,221.0,5300.0,Male,False,False,False,False,False,5.3,688.3800000000001,3.100671140939597,41.69811320754717,1,1.763382647475685,-0.5353480113733067
Gentoo,Biscoe,45.7,13.9,214.0,4400.0,Female,False,False,False,False,False,4.4,635.23,3.287769784172662,48.63636363636363,1,1.6441411125430736,-0.9966918065644621
Gentoo,Biscoe,54.3,15.7,231.0,5650.0,Male,False,False,False,False,False,5.65,852.5099999999999,3.4585987261146496,40.88495575221239,1,2.846052103691027,0.7761154882701329
Gentoo,Biscoe,45.8,14.2,219.0,4700.0,Female,False,False,False,False,False,4.7,650.3599999999999,3.2253521126760565,46.59574468085106,1,1.8112504232534428,-0.8568665992642623
Gentoo,Biscoe,49.8,16.8,230.0,5700.0,Male,False,False,False,False,False,5.7,836.64,2.964285714285714,40.35087719298245,1,2.056238798452878,0.6505611110045922
Gentoo,Biscoe,46.2,14.4,214.0,4650.0,Unknown,False,False,False,False,False,4.65,665.2800000000001,3.208333333333333,46.02150537634408,1,1.5644715596803391,-0.7448037392712026
Gentoo,Biscoe,49.5,16.2,229.0,5800.0,Male,False,False,False,False,False,5.8,801.9,3.055555555555556,39.48275862068966,1,2.135208475551171,0.3819952741551941
Gentoo,Biscoe,43.5,14.2,220.0,4700.0,Female,False,False,False,False,False,4.7,617.6999999999999,3.063380281690141,46.80851063829787,1,1.6252040392164846,-1.1323996530695637
Gentoo,Biscoe,50.7,15.0,223.0,5550.0,Male,False,False,False,False,False,5.55,760.5,3.3800000000000003,40.18018018018018,1,2.2874167355119845,0.0522129390372893
Gentoo,Biscoe,47.7,15.0,216.0,4750.0,Female,False,False,False,False,False,4.75,715.5,3.18,45.47368421052632,1,1.6541457966994966,-0.3285628388972269
Gentoo,Biscoe,46.4,15.6,221.0,5000.0,Male,False,False,False,False,False,5.0,723.8399999999999,2.9743589743589745,44.2,1,1.6011752308743699,-0.24316301963844117
Gentoo,Biscoe,48.2,15.6,221.0,5100.0,Male,False,False,False,False,False,5.1,751.9200000000001,3.08974358974359,43.333333333333336,1,1.783587384210923,-0.02551313072593114
Gentoo,Biscoe,46.5,14.8,217.0,5200.0,Female,False,False,False,False,False,5.2,688.2,3.141891891891892,41.730769230769226,1,1.631709344550697,-0.5476595331830203
Gentoo,Biscoe,46.4,15.0,216.0,4700.0,Female,False,False,False,False,False,4.7,696.0,3.0933333333333333,45.95744680851064,1,1.5224036859564303,-0.48575442533403984
Gentoo,Biscoe,48.6,16.0,230.0,5800.0,Male,False,False,False,False,False,5.8,777.6,3.0375,39.6551724137931,1,2.1431740489584636,0.19917356135481964
Gentoo,Biscoe,47.5,14.2,209.0,4600.0,Female,False,False,False,False,False,4.6,674.5,3.3450704225352115,45.434782608695656,1,1.5131704491404887,-0.6770597466759399
Gentoo,Biscoe,51.1,16.3,220.0,6000.0,Male,False,False,False,False,False,6.0,832.9300000000001,3.1349693251533743,36.66666666666666,1,1.8479623857213556,0.5905715567947948
Gentoo,Biscoe,45.2,13.8,215.0,4750.0,Female,False,False,False,False,False,4.75,623.7600000000001,3.27536231884058,45.26315789473684,1,1.6665748009339116,-1.0928609244207665
Gentoo,Biscoe,45.2,16.4,223.0,5950.0,Male,False,False,False,False,False,5.95,741.28,2.75609756097561,37.47899159663866,1,1.3650953997062103,-0.07682504670620462
Gentoo,Biscoe,49.1,14.5,212.0,4625.0,Female,False,False,False,False,False,4.625,711.95,3.386206896551724,45.83783783783784,1,1.7382182638451569,-0.3610099071144569
Gentoo,Biscoe,52.5,15.6,221.0,5450.0,Male,False,False,False,False,False,5.45,819.0,3.3653846153846154,40.55045871559633,1,2.2193497505149096,0.4944282705650634
Gentoo,Biscoe,47.4,14.6,212.0,4725.0,Female,False,False,False,False,False,4.725,692.04,3.246575342465753,44.86772486772488,1,1.5398721999360572,-0.5282821825683149
Gentoo,Biscoe,50.0,15.9,224.0,5350.0,Male,False,False,False,False,False,5.35,795.0,3.144654088050314,41.86915887850468,1,2.0289032159529854,0.3147200298258301
Gentoo,Biscoe,44.9,13.8,212.0,4750.0,Female,False,False,False,False,False,4.75,619.62,3.253623188405797,44.63157894736842,1,1.4950653396985765,-1.1368613186549
Gentoo,Biscoe,50.8,17.3,228.0,5600.0,Male,False,False,False,False,False,5.6,878.84,2.936416184971098,40.71428571428572,1,1.9331676643974685,0.957757205607739
Gentoo,Biscoe,43.4,14.4,218.0,4600.0,Female,False,False,False,False,False,4.6,624.96,3.013888888888889,47.39130434782609,1,1.4688625687291363,-1.0730696828034876
Gentoo,Biscoe,51.3,14.2,218.0,5300.0,Male,False,False,False,False,False,5.3,728.4599999999999,3.612676056338028,41.13207547169812,1,2.321585079888717,-0.19440040961449923
Gentoo,Biscoe,47.5,14.0,212.0,4875.0,Female,False,False,False,False,False,4.875,665.0,3.392857142857143,43.48717948717949,1,1.7064137230022198,-0.7459062398542502
Gentoo,Biscoe,52.1,17.0,230.0,5550.0,Male,False,False,False,False,False,5.55,885.7,3.0647058823529414,41.44144144144144,1,2.2371851562004297,1.0052412083198239
Gentoo,Biscoe,47.5,15.0,218.0,4950.0,Female,False,False,False,False,False,4.95,712.5,3.1666666666666665,44.04040404040404,1,1.7279494034482632,-0.3475958847216965
Gentoo,Biscoe,52.2,17.1,228.0,5400.0,Male,False,False,False,False,False,5.4,892.6200000000001,3.052631578947368,42.22222222222222,1,2.1271796218417203,1.0504685466126669
Gentoo,Biscoe,45.5,14.5,212.0,4750.0,Female,False,False,False,False,False,4.75,659.75,3.1379310344827585,44.63157894736842,1,1.3733939571720515,-0.7963096849394761
Gentoo,Biscoe,49.5,16.1,224.0,5650.0,Male,False,False,False,False,False,5.65,796.95,3.074534161490683,39.64601769911504,1,1.9260973351770097,0.3308336332771584
Gentoo,Biscoe,44.5,14.7,214.0,4850.0,Female,False,False,False,False,False,4.85,654.15,3.027210884353741,44.12371134020619,1,1.3139896575887513,-0.8355041087980359
Gentoo,Biscoe,50.8,15.7,226.0,5200.0,Male,False,False,False,False,False,5.2,797.56,3.2356687898089174,43.46153846153846,1,2.2561827460712145,0.34003168302572934
Gentoo,Biscoe,49.4,15.8,216.0,4925.0,Male,False,False,False,False,False,4.925,780.52,3.1265822784810124,43.85786802030457,1,1.6178805887873973,0.18328301322824267
Gentoo,Biscoe,46.9,14.6,222.0,4875.0,Female,False,False,False,False,False,4.875,684.74,3.212328767123288,45.53846153846154,1,1.9595602762733797,-0.5629891092149641
Gentoo,Biscoe,48.4,14.4,203.0,4625.0,Female,False,False,False,False,False,4.625,696.96,3.3611111111111107,43.891891891891895,1,1.2700258162677907,-0.5071137217900886
Gentoo,Biscoe,51.1,16.5,225.0,5250.0,Male,False,False,False,False,False,5.25,843.15,3.096969696969697,42.85714285714285,1,2.031005607004272,0.6800191506363434
Gentoo,Biscoe,48.5,15.0,219.0,4850.0,Female,False,False,False,False,False,4.85,727.5,3.2333333333333334,45.154639175257735,1,1.876325300528318,-0.22410414218739758
Gentoo,Biscoe,55.9,17.0,228.0,5600.0,Male,False,False,False,False,False,5.6,950.3,3.288235294117647,40.71428571428572,1,2.5282058561247673,1.4595740319693118
Gentoo,Biscoe,47.2,15.5,215.0,4975.0,Female,False,False,False,False,False,4.975,731.6,3.045161290322581,43.21608040201005,1,1.4261003467567075,-0.20016651413826644
Gentoo,Biscoe,49.1,15.0,228.0,5500.0,Male,False,False,False,False,False,5.5,736.5,3.273333333333333,41.45454545454545,1,2.360451658678231,-0.12837794097041766
Gentoo,Biscoe,47.3,13.8,216.0,4725.0,Unknown,False,False,False,False,False,4.725,652.74,3.4275362318840576,45.71428571428572,1,1.9264247917196369,-0.8363609164399348
Gentoo,Biscoe,46.8,16.1,215.0,5500.0,Male,False,False,False,False,False,5.5,753.48,2.9068322981366457,39.09090909090909,1,1.2291567981344518,-0.018817438337749424
Gentoo,Biscoe,41.7,14.7,210.0,4700.0,Female,False,False,False,False,False,4.7,612.99,2.8367346938775517,44.680851063829785,1,0.8420941714929014,-1.1843711529935583
Gentoo,Biscoe,53.4,15.8,219.0,5500.0,Male,False,False,False,False,False,5.5,843.72,3.3797468354430378,39.81818181818182,1,2.164348365214535,0.6746748457825337
Gentoo,Biscoe,43.3,14.0,208.0,4575.0,Female,False,False,False,False,False,4.575,606.1999999999999,3.0928571428571425,45.46448087431694,1,1.0926421176446064,-1.2640565309817253
Gentoo,Biscoe,48.1,15.1,209.0,5500.0,Male,False,False,False,False,False,5.5,726.3100000000001,3.185430463576159,38.0,1,1.3393632284314752,-0.2599362070334907
Gentoo,Biscoe,50.5,15.2,216.0,5000.0,Female,False,False,False,False,False,5.0,767.5999999999999,3.322368421052632,43.2,1,1.8857621970405343,0.08657556089370114
Gentoo,Biscoe,49.8,15.9,229.0,5950.0,Male,False,False,False,False,False,5.95,791.8199999999999,3.132075471698113,38.48739495798319,1,2.243814258380995,0.30341239675007503
Gentoo,Biscoe,43.5,15.2,213.0,4650.0,Female,False,False,False,False,False,4.65,661.1999999999999,2.861842105263158,45.80645161290322,1,1.0352741650524757,-0.7675660865147725
Gentoo,Biscoe,51.5,16.3,230.0,5500.0,Male,False,False,False,False,False,5.5,839.45,3.159509202453988,41.81818181818182,1,2.3588565387269544,0.6646895746044003
Gentoo,Biscoe,46.2,14.1,217.0,4375.0,Female,False,False,False,False,False,4.375,651.4200000000001,3.276595744680851,49.6,1,1.783782752633315,-0.8519361854130258
Gentoo,Biscoe,55.1,16.0,230.0,5850.0,Male,False,False,False,False,False,5.85,881.6,3.44375,39.31623931623932,1,2.8018846026737925,0.9851314935388817
Gentoo,Biscoe,44.5,15.7,217.0,4875.0,Unknown,False,False,False,False,False,4.875,698.65,2.8343949044585988,44.51282051282051,1,1.194417902355552,-0.4449191664141967
Gentoo,Biscoe,48.8,16.2,222.0,6000.0,Male,False,False,False,False,False,6.0,790.56,3.0123456790123457,37.0,1,1.7350197326687222,0.27932768760888416
Gentoo,Biscoe,47.2,13.7,214.0,4925.0,Female,False,False,False,False,False,4.925,646.64,3.445255474452555,43.45177664974619,1,1.8482870785060228,-0.8918888050643962
Gentoo,Biscoe,44.45,17.3,197.0,4050.0,Unknown,False,False,False,False,False,4.05,768.9850000000001,2.569364161849711,48.641975308641975,2,-0.1684520452253233,0.1101074990963381
Gentoo,Biscoe,46.8,14.3,215.0,4850.0,Female,False,False,False,False,False,4.85,669.24,3.2727272727272725,44.3298969072165,1,1.698379341776848,-0.7079645916809744
Gentoo,Biscoe,50.4,15.7,222.0,5750.0,Male,False,False,False,False,False,5.75,791.28,3.210191082802548,38.60869565217392,1,2.0275034644241012,0.28136449071355274
Gentoo,Biscoe,45.2,14.8,212.0,5200.0,Female,False,False,False,False,False,5.2,668.96,3.054054054054054,40.76923076923077,1,1.264788174342227,-0.7177268075343564
Gentoo,Biscoe,49.9,16.1,213.0,5400.0,Male,False,False,False,False,False,5.4,803.3900000000001,3.0993788819875774,39.44444444444444,1,1.4492394384279086,0.350873761845763
